liban	liban	V;NFIN
liban	lumiban	V;PFV;AGFOC
liban	lumiliban	V;IPFV;AGFOC
liban	liliban	V;AGFOC;LGSPEC1
liban	nilibanan	V;PFV;PFOC
liban	nililibanan	V;IPFV;PFOC
liban	lilibanan	V;PFOC;LGSPEC1
abuso	abuso	V;NFIN
abuso	umabuso	V;PFV;AGFOC
abuso	umaabuso	V;IPFV;AGFOC
abuso	aabuso	V;AGFOC;LGSPEC1
abuso	inabuso	V;PFV;PFOC
abuso	inaabuso	V;IPFV;PFOC
abuso	aabusuhin	V;PFOC;LGSPEC1
tanggap	tanggap	V;NFIN
tanggap	tumanggap	V;PFV;AGFOC
tanggap	tumatanggap	V;IPFV;AGFOC
tanggap	tatanggap	V;AGFOC;LGSPEC1
tanggap	tinanggap	V;PFV;PFOC
tanggap	tinatanggap	V;IPFV;PFOC
tanggap	tatanggapin	V;PFOC;LGSPEC1
akusa	akusa	V;NFIN
akusa	nag-akusa	V;PFV;AGFOC
akusa	nang-aakusa	V;IPFV;AGFOC
akusa	mang-aakusa	V;AGFOC;LGSPEC1
akusa	inakusahan	V;PFV;PFOC
akusa	inaakusahan	V;IPFV;PFOC
akusa	aakusahan	V;PFOC;LGSPEC1
kuha	kuha	V;NFIN
kuha	kumuha	V;PFV;AGFOC
kuha	kumukuha	V;IPFV;AGFOC
kuha	kukuha	V;AGFOC;LGSPEC1
kuha	kinuha	V;PFV;PFOC
kuha	kinukuha	V;IPFV;PFOC
kuha	kukuhain	V;PFOC;LGSPEC1
arte	arte	V;NFIN
arte	umarte	V;PFV;AGFOC
arte	umaarte	V;IPFV;AGFOC
arte	aarte	V;AGFOC;LGSPEC1
arte	inartehan	V;PFV;PFOC
arte	inaartehan	V;IPFV;PFOC
arte	aartehan	V;PFOC;LGSPEC1
dagdag	dagdag	V;NFIN
dagdag	nagdagdag	V;PFV;AGFOC
dagdag	nagdaragdag	V;IPFV;AGFOC
dagdag	magdaragdag	V;AGFOC;LGSPEC1
dagdag	dinagdagan	V;PFV;PFOC
dagdag	dinaragdagan	V;IPFV;PFOC
dagdag	dadagdagan	V;PFOC;LGSPEC1
sulong	sulong	V;NFIN
sulong	sumulong	V;PFV;AGFOC
sulong	sumusulong	V;IPFV;AGFOC
sulong	susulong	V;AGFOC;LGSPEC1
sulong	sinulong	V;PFV;PFOC
sulong	sinusulong	V;IPFV;PFOC
sulong	susulungin	V;PFOC;LGSPEC1
galit	galit	V;NFIN
galit	nanggalit	V;PFV;AGFOC
galit	nanggagalit	V;IPFV;AGFOC
galit	manggagalit	V;AGFOC;LGSPEC1
galit	ginalit	V;PFV;PFOC
galit	ginagalit	V;IPFV;PFOC
galit	gagalitin	V;PFOC;LGSPEC1
galit	galit	V;NFIN
galit	nagalit	V;PFV;AGFOC
galit	nagagalit	V;IPFV;AGFOC
galit	magagalit	V;AGFOC;LGSPEC1
galit	ikinagalit	V;PFV;PFOC
galit	ikinakagalit	V;IPFV;PFOC
galit	ikakagalit	V;PFOC;LGSPEC1
galit	galit	V;NFIN
galit	nanggalit	V;PFV;AGFOC
galit	nanggagalit	V;IPFV;AGFOC
galit	manggagalit	V;AGFOC;LGSPEC1
galit	ginalit	V;PFV;PFOC
galit	ginagalit	V;IPFV;PFOC
galit	gagalitin	V;PFOC;LGSPEC1
galit	galit	V;NFIN
galit	pinagalitan	V;PFV;PFOC
galit	pinapagalitan	V;IPFV;PFOC
galit	papagalitan	V;PFOC;LGSPEC1
inis	inis	V;NFIN
inis	nang-inis	V;PFV;AGFOC
inis	nang-iinis	V;IPFV;AGFOC
inis	mang-iinis	V;AGFOC;LGSPEC1
inis	ininis	V;PFV;PFOC
inis	iniinis	V;IPFV;PFOC
inis	iinisin	V;PFOC;LGSPEC1
sagot	sagot	V;NFIN
sagot	sumagot	V;PFV;AGFOC
sagot	sumasagot	V;IPFV;AGFOC
sagot	sasagot	V;AGFOC;LGSPEC1
sagot	sinagot	V;PFV;PFOC
sagot	sinasagot	V;IPFV;PFOC
sagot	sasagutin	V;PFOC;LGSPEC1
lapit	lapit	V;NFIN
lapit	lumapit	V;PFV;AGFOC
lapit	lumalapit	V;IPFV;AGFOC
lapit	lalapit	V;AGFOC;LGSPEC1
lapit	nilapitan	V;PFV;PFOC
lapit	nilalapitan	V;IPFV;PFOC
lapit	lalapitan	V;PFOC;LGSPEC1
dating	dating	V;NFIN
dating	dumating	V;PFV;AGFOC
dating	dumarating	V;IPFV;AGFOC
dating	darating	V;AGFOC;LGSPEC1
dating	dinatnan	V;PFV;PFOC
dating	dinaratnan	V;IPFV;PFOC
dating	daratnan	V;PFOC;LGSPEC1
hingí'	hingí'	V;NFIN
hingí'	humingí'	V;PFV;AGFOC
hingí'	humihingí	V;IPFV;AGFOC
hingí'	hihingí'	V;AGFOC;LGSPEC1
hingí'	hiningí'	V;PFV;PFOC
hingí'	hinihingí'	V;IPFV;PFOC
hingí'	hihingí'	V;PFOC;LGSPEC1
tanong	tanong	V;NFIN
tanong	nagtanong	V;PFV;AGFOC
tanong	nagtatanong	V;IPFV;AGFOC
tanong	magtatanong	V;AGFOC;LGSPEC1
tanong	tinanong	V;PFV;PFOC
tanong	tinatanong	V;IPFV;PFOC
tanong	tatanungin	V;PFOC;LGSPEC1
akala	akala	V;NFIN
akala	nag-akala	V;PFV;AGFOC
akala	nag-aakala	V;IPFV;AGFOC
akala	mag-aakala	V;AGFOC;LGSPEC1
akala	inakala	V;PFV;PFOC
akala	inaakala	V;IPFV;PFOC
akala	aakalain	V;PFOC;LGSPEC1
lusob	lusob	V;NFIN
lusob	lumusob	V;PFV;AGFOC
lusob	lumulusob	V;IPFV;AGFOC
lusob	lulusob	V;AGFOC;LGSPEC1
lusob	niluson	V;PFV;PFOC
lusob	nilulusob	V;IPFV;PFOC
lusob	lulusubin	V;PFOC;LGSPEC1
kamit	kamit	V;NFIN
kamit	nakamit	V;PFV;AGFOC
kamit	nakakamit	V;IPFV;AGFOC
kamit	makakamit	V;AGFOC;LGSPEC1
kamit	nakamtan	V;PFV;PFOC
kamit	nakakamtan	V;IPFV;PFOC
kamit	makakamtan	V;PFOC;LGSPEC1
dalo	dalo	V;NFIN
dalo	dumalo	V;PFV;AGFOC
dalo	dumadalo	V;IPFV;AGFOC
dalo	dadalo	V;AGFOC;LGSPEC1
dalo	dinaluhan	V;PFV;PFOC
dalo	dinadaluhan	V;IPFV;PFOC
dalo	dadaluhan	V;PFOC;LGSPEC1
pansin	pansin	V;NFIN
pansin	napansin	V;PFV;AGFOC
pansin	napapansin	V;IPFV;AGFOC
pansin	mapapansin	V;AGFOC;LGSPEC1
pansin	pinansin	V;PFV;PFOC
pansin	pinapansin	V;IPFV;PFOC
pansin	papansinin	V;PFOC;LGSPEC1
akit	akit	V;NFIN
akit	naakit	V;PFV;AGFOC
akit	naaakit	V;IPFV;AGFOC
akit	maaakit	V;AGFOC;LGSPEC1
akit	inakit	V;PFV;PFOC
akit	inaakit	V;IPFV;PFOC
akit	aakitin	V;PFOC;LGSPEC1
layó'	layó'	V;NFIN
layó'	lumayó'	V;PFV;AGFOC
layó'	lumalayó'	V;IPFV;AGFOC
layó'	lalayó'	V;AGFOC;LGSPEC1
layó'	nilayuan	V;PFV;PFOC
layó'	nilalayuan	V;IPFV;PFOC
layó'	lalayuan	V;PFOC;LGSPEC1
samá'	samá'	V;NFIN
samá'	sumamá'	V;PFV;AGFOC
samá'	sumasamá'	V;IPFV;AGFOC
samá'	sasamá'	V;AGFOC;LGSPEC1
bawal	bawal	V;NFIN
bawal	nagbawal	V;PFV;AGFOC
bawal	nagbabawal	V;IPFV;AGFOC
bawal	magbabawal	V;AGFOC;LGSPEC1
bawal	ibinawal	V;PFV;PFOC
bawal	ibinabawal	V;IPFV;PFOC
bawal	ibabawal	V;PFOC;LGSPEC1
tahol	tahol	V;NFIN
tahol	tumahol	V;PFV;AGFOC
tahol	tumatahol	V;IPFV;AGFOC
tahol	tatahol	V;AGFOC;LGSPEC1
tahol	tinahulan	V;PFV;PFOC
tahol	tinatahulan	V;IPFV;PFOC
tahol	tatahulan	V;PFOC;LGSPEC1
umpisa	umpisa	V;NFIN
umpisa	nag-umpisa	V;PFV;AGFOC
umpisa	nag-uumpisa	V;IPFV;AGFOC
umpisa	mag-uumpisa	V;AGFOC;LGSPEC1
umpisa	inumpisahan	V;PFV;PFOC
umpisa	inuumpisahan	V;IPFV;PFOC
umpisa	uumpisahan	V;PFOC;LGSPEC1
niwala	niwala	V;NFIN
niwala	naniwala	V;PFV;AGFOC
niwala	naniniwala	V;IPFV;AGFOC
niwala	maniniwala	V;AGFOC;LGSPEC1
niwala	pinaniwalaan	V;PFV;PFOC
niwala	pinaniniwalaan	V;IPFV;PFOC
niwala	paniniwalaan	V;PFOC;LGSPEC1
laki	laki	V;NFIN
laki	lumaki	V;PFV;AGFOC
laki	lumalaki	V;IPFV;AGFOC
laki	lalaki	V;AGFOC;LGSPEC1
laki	laki	V;NFIN
laki	nilakihan	V;PFV;PFOC
laki	nilalakihan	V;IPFV;PFOC
laki	lalakihan	V;PFOC;LGSPEC1
anak	anak	V;NFIN
anak	nanganak	V;PFV;AGFOC
anak	nanganganak	V;IPFV;AGFOC
anak	manganganak	V;AGFOC;LGSPEC1
anak	ipinanganak	V;PFV;PFOC
anak	pinapanganak	V;IPFV;PFOC
anak	ipapanganak	V;PFOC;LGSPEC1
kagat	kagat	V;NFIN
kagat	kumagat	V;PFV;AGFOC
kagat	kumakagat	V;IPFV;AGFOC
kagat	kakagat	V;AGFOC;LGSPEC1
kagat	kinagat	V;PFV;PFOC
kagat	kinakagat	V;IPFV;PFOC
kagat	kakagatin	V;PFOC;LGSPEC1
laga	laga	V;NFIN
laga	naglaga	V;PFV;AGFOC
laga	naglalaga	V;IPFV;AGFOC
laga	maglalaga	V;AGFOC;LGSPEC1
laga	nilaga	V;PFV;PFOC
laga	nilalaga	V;IPFV;PFOC
laga	ilalaga	V;PFOC;LGSPEC1
hiram	hiram	V;NFIN
hiram	humiram	V;PFV;AGFOC
hiram	humihiram	V;IPFV;AGFOC
hiram	hihiram	V;AGFOC;LGSPEC1
hiram	hiniram	V;PFV;PFOC
hiram	hinihiram	V;IPFV;PFOC
hiram	hihiramin	V;PFOC;LGSPEC1
utang	utang	V;NFIN
utang	umutang	V;PFV;AGFOC
utang	umuutang	V;IPFV;AGFOC
utang	uutang	V;AGFOC;LGSPEC1
utang	inutang	V;PFV;PFOC
utang	inuutang	V;IPFV;PFOC
utang	uutangin	V;PFOC;LGSPEC1
yabang	yabang	V;NFIN
yabang	nagyabang	V;PFV;AGFOC
yabang	nagyayabang	V;IPFV;AGFOC
yabang	magyayabang	V;AGFOC;LGSPEC1
yabang	ipinag- yabang	V;PFV;PFOC
yabang	ipinapag- yabang	V;IPFV;PFOC
yabang	ipag- yayabang	V;PFOC;LGSPEC1
sirá'	sirá'	V;NFIN
sirá'	sumirá'	V;PFV;AGFOC
sirá'	sumisirá'	V;IPFV;AGFOC
sirá'	sisirá'	V;AGFOC;LGSPEC1
sirá'	sinirá'	V;PFV;PFOC
sirá'	sinisirá'	V;IPFV;PFOC
sirá'	sisirá'in	V;PFOC;LGSPEC1
basag	basag	V;NFIN
basag	nagbasag	V;PFV;AGFOC
basag	nagbabasag	V;IPFV;AGFOC
basag	magbabasag	V;AGFOC;LGSPEC1
basag	binasag nabasag	V;PFV;PFOC
basag	binabasag nababasag	V;IPFV;PFOC
basag	babasagin mababasag	V;PFOC;LGSPEC1
punit	punit	V;NFIN
punit	nagpunit pumunit	V;PFV;AGFOC
punit	nagpupunit pumupunit	V;IPFV;AGFOC
punit	magpupunit pupunit	V;AGFOC;LGSPEC1
punit	napunit pinunit	V;PFV;PFOC
punit	napupunit pinupunit	V;IPFV;PFOC
punit	mapupunitpu pupunitin	V;PFOC;LGSPEC1
balí'	balí'	V;NFIN
balí'	bumalí' nagbalí'	V;PFV;AGFOC
balí'	bumabalí' nagbabalí'	V;IPFV;AGFOC
balí'	babalí' magbabalí'	V;AGFOC;LGSPEC1
balí'	binalí' nabalí'	V;PFV;PFOC
balí'	binabalí' nababalí'	V;IPFV;PFOC
balí'	babalí'in mababalí'	V;PFOC;LGSPEC1
sirá'	sirá'	V;NFIN
sirá'	nagsirá'	V;PFV;AGFOC
sirá'	nagsisirá'	V;IPFV;AGFOC
sirá'	magsisirá'	V;AGFOC;LGSPEC1
sirá'	nasirá'	V;PFV;PFOC
sirá'	nasisirá'	V;IPFV;PFOC
sirá'	masisirá'	V;PFOC;LGSPEC1
wasak	wasak	V;NFIN
wasak	nagwasak	V;PFV;AGFOC
wasak	nagwawasak	V;IPFV;AGFOC
wasak	magwawasak	V;AGFOC;LGSPEC1
wasak	nawasak winasak	V;PFV;PFOC
wasak	nawawasak winawasak	V;IPFV;PFOC
wasak	mawawasak wawasakin	V;PFOC;LGSPEC1
hinga	hinga	V;NFIN
hinga	huminga	V;PFV;AGFOC
hinga	humihinga	V;IPFV;AGFOC
hinga	hihinga	V;AGFOC;LGSPEC1
dala	dala	V;NFIN
dala	nagdala	V;PFV;AGFOC
dala	nagdadala	V;IPFV;AGFOC
dala	magdadala	V;AGFOC;LGSPEC1
dala	dinala	V;PFV;PFOC
dala	dinadala	V;IPFV;PFOC
dala	dadalhin	V;PFOC;LGSPEC1
hatid	hatid	V;NFIN
hatid	naghatid	V;PFV;AGFOC
hatid	naghahatid	V;IPFV;AGFOC
hatid	maghahatid	V;AGFOC;LGSPEC1
hatid	hinatid	V;PFV;PFOC
hatid	hinahatid	V;IPFV;PFOC
hatid	ihahatid	V;PFOC;LGSPEC1
sáma	sáma	V;NFIN
sáma	nagsáma	V;PFV;AGFOC
sáma	nagsasáma	V;IPFV;AGFOC
sáma	magsasáma	V;AGFOC;LGSPEC1
sáma	isináma	V;PFV;PFOC
sáma	isinasáma	V;IPFV;PFOC
sáma	isasáma	V;PFOC;LGSPEC1
balik	balik	V;NFIN
balik	nagbalik	V;PFV;AGFOC
balik	nagbabalik	V;IPFV;AGFOC
balik	magbabalik	V;AGFOC;LGSPEC1
balik	ibinalik	V;PFV;PFOC
balik	ibinabalik	V;IPFV;PFOC
balik	ibabalik	V;PFOC;LGSPEC1
uwí'	uwí'	V;NFIN
uwí'	nag-uwí'	V;PFV;AGFOC
uwí'	nag-uuwí'	V;IPFV;AGFOC
uwí'	mag-uuwí'	V;AGFOC;LGSPEC1
uwí'	inuwí'	V;PFV;PFOC
uwí'	inuuwí'	V;IPFV;PFOC
uwí'	uuwían	V;PFOC;LGSPEC1
labas	labas	V;NFIN
labas	naglabas	V;PFV;AGFOC
labas	naglalabas	V;IPFV;AGFOC
labas	maglalabas	V;AGFOC;LGSPEC1
labas	nilabas	V;PFV;PFOC
labas	nilalabas	V;IPFV;PFOC
labas	ilalabas	V;PFOC;LGSPEC1
buhay	buhay	V;NFIN
buhay	bumuhay	V;PFV;AGFOC
buhay	bumubuhay	V;IPFV;AGFOC
buhay	bubuhay	V;AGFOC;LGSPEC1
buhay	binuhay	V;PFV;PFOC
buhay	binubuhay	V;IPFV;PFOC
buhay	bubuhayin	V;PFOC;LGSPEC1
akyat	akyat	V;NFIN
akyat	nag-akyat	V;PFV;AGFOC
akyat	nag-aakyat	V;IPFV;AGFOC
akyat	mag-aakyat	V;AGFOC;LGSPEC1
akyat	inakyat	V;PFV;PFOC
akyat	inaakyat	V;IPFV;PFOC
akyat	iaakyat	V;PFOC;LGSPEC1
sipilyo 	sipilyo 	V;NFIN
sipilyo 	nagsipilyo	V;PFV;AGFOC
sipilyo 	nagsisipilyo	V;IPFV;AGFOC
sipilyo 	magsisipilyo	V;AGFOC;LGSPEC1
sipilyo 	sinipilyo	V;PFV;PFOC
sipilyo 	sinisipilyo	V;IPFV;PFOC
sipilyo 	sisipilyuhin	V;PFOC;LGSPEC1
suklay	suklay	V;NFIN
suklay	nagsuklay	V;PFV;AGFOC
suklay	nagsusuklay	V;IPFV;AGFOC
suklay	magsusuklay	V;AGFOC;LGSPEC1
suklay	sinuklay	V;PFV;PFOC
suklay	sinusuklay	V;IPFV;PFOC
suklay	susuklayin	V;PFOC;LGSPEC1
tayó'	tayó'	V;NFIN
tayó'	nagtayó'	V;PFV;AGFOC
tayó'	nagtatayó'	V;IPFV;AGFOC
tayó'	magtatayó'	V;AGFOC;LGSPEC1
tayó'	itinayó'	V;PFV;PFOC
tayó'	itinatayó'	V;IPFV;PFOC
tayó'	itatayó'	V;PFOC;LGSPEC1
sunog	sunog	V;NFIN
sunog	nagsunog	V;PFV;AGFOC
sunog	nagsusunog	V;IPFV;AGFOC
sunog	magsusunog	V;AGFOC;LGSPEC1
sunog	sinunog	V;PFV;PFOC
sunog	sinusunog	V;IPFV;PFOC
sunog	susunugin	V;PFOC;LGSPEC1
dighay	dighay	V;NFIN
dighay	dumighay	V;PFV;AGFOC
dighay	dumidighay	V;IPFV;AGFOC
dighay	didighay	V;AGFOC;LGSPEC1
bili	bili	V;NFIN
bili	bumili	V;PFV;AGFOC
bili	bumibili	V;IPFV;AGFOC
bili	bibili	V;AGFOC;LGSPEC1
bili	binili	V;PFV;PFOC
bili	binibili	V;IPFV;PFOC
bili	bibilhin	V;PFOC;LGSPEC1
tawag	tawag	V;NFIN
tawag	tumawag	V;PFV;AGFOC
tawag	tumatawag	V;IPFV;AGFOC
tawag	tatawag	V;AGFOC;LGSPEC1
tawag	tinawag	V;PFV;PFOC
tawag	tinatawag	V;IPFV;PFOC
tawag	tatawagin	V;PFOC;LGSPEC1
tawag	tawag	V;NFIN
tawag	tumawag	V;PFV;AGFOC
tawag	tumatawag	V;IPFV;AGFOC
tawag	tatawag	V;AGFOC;LGSPEC1
tawag	tinawagan	V;PFV;PFOC
tawag	tinatawagan	V;IPFV;PFOC
tawag	tatawagan	V;PFOC;LGSPEC1
dala	dala	V;NFIN
dala	nagdala	V;PFV;AGFOC
dala	nagdadala	V;IPFV;AGFOC
dala	magdadala	V;AGFOC;LGSPEC1
dala	dinala	V;PFV;PFOC
dala	dinadala	V;IPFV;PFOC
dala	dadalhin	V;PFOC;LGSPEC1
sunong	sunong	V;NFIN
sunong	nagsunong	V;PFV;AGFOC
sunong	nagsusunong	V;IPFV;AGFOC
sunong	magsusunong	V;AGFOC;LGSPEC1
sunong	sinunong	V;PFV;PFOC
sunong	sinusunong	V;IPFV;PFOC
sunong	susunungin	V;PFOC;LGSPEC1
pasan	pasan	V;NFIN
pasan	nagpasan	V;PFV;AGFOC
pasan	nagpapasan	V;IPFV;AGFOC
pasan	magpapasan	V;AGFOC;LGSPEC1
pasan	pinasan	V;PFV;PFOC
pasan	pinapasan	V;IPFV;PFOC
pasan	papasanin	V;PFOC;LGSPEC1
bitbit	bitbit	V;NFIN
bitbit	nagbitbit	V;PFV;AGFOC
bitbit	nagbibitbit	V;IPFV;AGFOC
bitbit	magbibitbit	V;AGFOC;LGSPEC1
bitbit	binitbit	V;PFV;PFOC
bitbit	binibitbit	V;IPFV;PFOC
bitbit	bibitbitin	V;PFOC;LGSPEC1
kipkip	kipkip	V;NFIN
kipkip	nagkipkip	V;PFV;AGFOC
kipkip	nagkikipkip	V;IPFV;AGFOC
kipkip	magkikipkip	V;AGFOC;LGSPEC1
kipkip	kinipkip	V;PFV;PFOC
kipkip	kinikipkip	V;IPFV;PFOC
kipkip	kikipkipin	V;PFOC;LGSPEC1
hawak	hawak	V;NFIN
hawak	hinawakan	V;PFV;PFOC
hawak	hinahawakan	V;IPFV;PFOC
hawak	hahakawan	V;PFOC;LGSPEC1
saló	saló	V;NFIN
saló	sumaló	V;PFV;AGFOC
saló	sumasaló	V;IPFV;AGFOC
saló	sasaló	V;AGFOC;LGSPEC1
saló	sinaló	V;PFV;PFOC
saló	sinasaló	V;IPFV;PFOC
saló	sasalúhin	V;PFOC;LGSPEC1
huli	huli	V;NFIN
huli	humuli	V;PFV;AGFOC
huli	humuhuli	V;IPFV;AGFOC
huli	huhuli	V;AGFOC;LGSPEC1
huli	hinuli	V;PFV;PFOC
huli	hinuhuli	V;IPFV;PFOC
huli	huhulihin	V;PFOC;LGSPEC1
abot	abot	V;NFIN
abot	nag-abot	V;PFV;AGFOC
abot	nag-aabot	V;IPFV;AGFOC
abot	mag-aabot	V;AGFOC;LGSPEC1
abot	inabutan	V;PFV;PFOC
abot	inaabutan	V;IPFV;PFOC
abot	aabutan	V;PFOC;LGSPEC1
palit	palit	V;NFIN
palit	nagpalit	V;PFV;AGFOC
palit	nagpapalit	V;IPFV;AGFOC
palit	magpapalit	V;AGFOC;LGSPEC1
palit	pinalitan	V;PFV;PFOC
palit	pinapalitan	V;IPFV;PFOC
palit	papalitan	V;PFOC;LGSPEC1
bihis	bihis	V;NFIN
bihis	nagbihis	V;PFV;AGFOC
bihis	nagbibihis	V;IPFV;AGFOC
bihis	magbibihis	V;AGFOC;LGSPEC1
bihis	binihisan	V;PFV;PFOC
bihis	binibihisan	V;IPFV;PFOC
bihis	bibihisan	V;PFOC;LGSPEC1
daya'	daya'	V;NFIN
daya'	nandaya'	V;PFV;AGFOC
daya'	nandadaya'	V;IPFV;AGFOC
daya'	mandadaya'	V;AGFOC;LGSPEC1
daya'	dinaya'	V;PFV;PFOC
daya'	dinadaya'	V;IPFV;PFOC
daya'	dadayain	V;PFOC;LGSPEC1
pili'	pili'	V;NFIN
pili'	pumili'	V;PFV;AGFOC
pili'	pumipili'	V;IPFV;AGFOC
pili'	pipili'	V;AGFOC;LGSPEC1
pili'	pinili'	V;PFV;PFOC
pili'	pinipili'	V;IPFV;PFOC
pili'	pipiliin	V;PFOC;LGSPEC1
palakpak	palakpak	V;NFIN
palakpak	pumalakpak	V;PFV;AGFOC
palakpak	pumapalakpak	V;IPFV;AGFOC
palakpak	papalakpak	V;AGFOC;LGSPEC1
palakpak	pinalakpakan	V;PFV;PFOC
palakpak	pinapalakpakan	V;IPFV;PFOC
palakpak	papalakpakan	V;PFOC;LGSPEC1
linis	linis	V;NFIN
linis	naglinis	V;PFV;AGFOC
linis	naglilinis	V;IPFV;AGFOC
linis	maglilinis	V;AGFOC;LGSPEC1
linis	nilinis	V;PFV;PFOC
linis	nililinis	V;IPFV;PFOC
linis	lilinisin	V;PFOC;LGSPEC1
linis	linis	V;NFIN
linis	luminis	V;PFV;AGFOC
linis	lumilinis	V;IPFV;AGFOC
linis	lilinis	V;AGFOC;LGSPEC1
akyat	akyat	V;NFIN
akyat	umakyat	V;PFV;AGFOC
akyat	umaakyat	V;IPFV;AGFOC
akyat	aakyat	V;AGFOC;LGSPEC1
akyat	inakyat	V;PFV;PFOC
akyat	inaakyat	V;IPFV;PFOC
akyat	aakyatin	V;PFOC;LGSPEC1
sará	sará	V;NFIN
sará	nagsará	V;PFV;AGFOC
sará	nagsasará	V;IPFV;AGFOC
sará	magsasará	V;AGFOC;LGSPEC1
sará	sinará	V;PFV;PFOC
sará	sinasará	V;IPFV;PFOC
sará	isasará	V;PFOC;LGSPEC1
ipon	ipon	V;NFIN
ipon	nag-ipon	V;PFV;AGFOC
ipon	nag-iipon	V;IPFV;AGFOC
ipon	mag-iipon	V;AGFOC;LGSPEC1
ipon	inipon	V;PFV;PFOC
ipon	iniipon	V;IPFV;PFOC
ipon	iipunin	V;PFOC;LGSPEC1
punta	punta	V;NFIN
punta	pumunta	V;PFV;AGFOC
punta	pumupunta	V;IPFV;AGFOC
punta	pupunta	V;AGFOC;LGSPEC1
punta	pinuntahan	V;PFV;PFOC
punta	pinupuntahan	V;IPFV;PFOC
punta	pupuntahan	V;PFOC;LGSPEC1
balik	balik	V;NFIN
balik	bumalik	V;PFV;AGFOC
balik	bunabalik	V;IPFV;AGFOC
balik	babalik	V;AGFOC;LGSPEC1
balik	binalikan	V;PFV;PFOC
balik	binabalikan	V;IPFV;PFOC
balik	babalikan	V;PFOC;LGSPEC1
galing	galing	V;NFIN
galing	nanggaling	V;PFV;AGFOC
galing	nanggagaling	V;IPFV;AGFOC
galing	manggagaling	V;AGFOC;LGSPEC1
líto	líto	V;NFIN
líto	nalíto	V;PFV;AGFOC
líto	nalilíto	V;IPFV;AGFOC
líto	malilíto	V;AGFOC;LGSPEC1
líto	nilíto	V;PFV;PFOC
líto	nililíto	V;IPFV;PFOC
líto	lilituhin	V;PFOC;LGSPEC1
patuloy	patuloy	V;NFIN
patuloy	nagpatuloy	V;PFV;AGFOC
patuloy	nagpapatuloy	V;IPFV;AGFOC
patuloy	magpapatuloy	V;AGFOC;LGSPEC1
tuloy	tuloy	V;NFIN
tuloy	itinuloy	V;PFV;PFOC
tuloy	itinutuloy	V;IPFV;PFOC
tuloy	itutuloy	V;PFOC;LGSPEC1
usap	usap	V;NFIN
usap	nag-usap	V;PFV;AGFOC
usap	nag-uusap	V;IPFV;AGFOC
usap	mag-uusap	V;AGFOC;LGSPEC1
usap	pinag-usapan	V;PFV;PFOC
usap	pinapag-usapan	V;IPFV;PFOC
usap	papag-usapan	V;PFOC;LGSPEC1
lutó'	lutó'	V;NFIN
lutó'	naglutó'	V;PFV;AGFOC
lutó'	naglulutó'	V;IPFV;AGFOC
lutó'	maglulutó'	V;AGFOC;LGSPEC1
lutó'	nilutó'	V;PFV;PFOC
lutó'	nilulutó'	V;IPFV;PFOC
lutó'	lulutúin	V;PFOC;LGSPEC1
kopya	kopya	V;NFIN
kopya	kumopya	V;PFV;AGFOC
kopya	kumokopya	V;IPFV;AGFOC
kopya	kokopya	V;AGFOC;LGSPEC1
kopya	kinopya	V;PFV;PFOC
kopya	kinokopya	V;IPFV;PFOC
kopya	kokopyahin	V;PFOC;LGSPEC1
bilang	bilang	V;NFIN
bilang	bumilang	V;PFV;AGFOC
bilang	bumibilang	V;IPFV;AGFOC
bilang	bibilang	V;AGFOC;LGSPEC1
bilang	binilang	V;PFV;PFOC
bilang	binibilang	V;IPFV;PFOC
bilang	bibilangin	V;PFOC;LGSPEC1
ligaw	ligaw	V;NFIN
ligaw	lumigaw	V;PFV;AGFOC
ligaw	lumiligaw	V;IPFV;AGFOC
ligaw	liligaw	V;AGFOC;LGSPEC1
ligaw	niligawan	V;PFV;PFOC
ligaw	nililigawan	V;IPFV;PFOC
ligaw	liligawan	V;PFOC;LGSPEC1
takip	takip	V;NFIN
takip	nagtakip	V;PFV;AGFOC
takip	nagtatakip	V;IPFV;AGFOC
takip	magtatakip	V;AGFOC;LGSPEC1
takip	tinakpan	V;PFV;PFOC
takip	tinatakpan	V;IPFV;PFOC
takip	tatakpan	V;PFOC;LGSPEC1
takip	takip	V;NFIN
takip	nagtakip	V;PFV;AGFOC
takip	nagtatakip	V;IPFV;AGFOC
takip	magtatakip	V;AGFOC;LGSPEC1
takip	pinagtapan	V;PFV;PFOC
takip	pinapagtakpan	V;IPFV;PFOC
takip	papagtakpan	V;PFOC;LGSPEC1
gawá'	gawá'	V;NFIN
gawá'	gumawá'	V;PFV;AGFOC
gawá'	gumagawá'	V;IPFV;AGFOC
gawá'	gagawá'	V;AGFOC;LGSPEC1
gawá'	ginawá'	V;PFV;PFOC
gawá'	ginagawá'	V;IPFV;PFOC
gawá'	gagawin	V;PFOC;LGSPEC1
tawid	tawid	V;NFIN
tawid	tumawid	V;PFV;AGFOC
tawid	tumatawid	V;IPFV;AGFOC
tawid	tatawid	V;AGFOC;LGSPEC1
tawid	tinawid	V;PFV;PFOC
tawid	tinatawid	V;IPFV;PFOC
tawid	tatawirin	V;PFOC;LGSPEC1
iyak	iyak	V;NFIN
iyak	umiyak	V;PFV;AGFOC
iyak	umiiyak	V;IPFV;AGFOC
iyak	iiyak	V;AGFOC;LGSPEC1
iyak	iniyakan	V;PFV;PFOC
iyak	iniiyakan	V;IPFV;PFOC
iyak	iiyakan	V;PFOC;LGSPEC1
gamot	gamot	V;NFIN
gamot	gumamot	V;PFV;AGFOC
gamot	gumagamot	V;IPFV;AGFOC
gamot	gagamot	V;AGFOC;LGSPEC1
gamot	ginamot	V;PFV;PFOC
gamot	ginagamot	V;IPFV;PFOC
gamot	gagamutin	V;PFOC;LGSPEC1
gamot	gamot	V;NFIN
gamot	naggamot	V;PFV;AGFOC
gamot	naggagamot	V;IPFV;AGFOC
gamot	maggagamot	V;AGFOC;LGSPEC1
pútol	pútol	V;NFIN
pútol	pumútol	V;PFV;AGFOC
pútol	pumupútol	V;IPFV;AGFOC
pútol	pupútol	V;AGFOC;LGSPEC1
pútol	pinútol	V;PFV;PFOC
pútol	pinupútol	V;IPFV;PFOC
pútol	puputúlin	V;PFOC;LGSPEC1
hiwa'	hiwa'	V;NFIN
hiwa'	naghiwa'	V;PFV;AGFOC
hiwa'	naghihiwa'	V;IPFV;AGFOC
hiwa'	maghihiwa'	V;AGFOC;LGSPEC1
hiwa'	hiniwa'	V;PFV;PFOC
hiwa'	hinihiwa'	V;IPFV;PFOC
hiwa'	hihiwain'	V;PFOC;LGSPEC1
tatad	tatad	V;NFIN
tatad	nagtadtad	V;PFV;AGFOC
tatad	nagtatadtad	V;IPFV;AGFOC
tatad	magtatadtad	V;AGFOC;LGSPEC1
tatad	tinadtad	V;PFV;PFOC
tatad	tinatadtad	V;IPFV;PFOC
tatad	tatadtarin	V;PFOC;LGSPEC1
gayat	gayat	V;NFIN
gayat	naggayat	V;PFV;AGFOC
gayat	naggagayat	V;IPFV;AGFOC
gayat	maggagayat	V;AGFOC;LGSPEC1
gayat	ginayat	V;PFV;PFOC
gayat	ginagayat	V;IPFV;PFOC
gayat	gagayatin	V;PFOC;LGSPEC1
gupit	gupit	V;NFIN
gupit	naggupit	V;PFV;AGFOC
gupit	naggugupit	V;IPFV;AGFOC
gupit	maggugupit	V;AGFOC;LGSPEC1
gupit	ginupit	V;PFV;PFOC
gupit	ginugupit	V;IPFV;PFOC
gupit	gugupitin	V;PFOC;LGSPEC1
sibak	sibak	V;NFIN
sibak	nagsibak	V;PFV;AGFOC
sibak	nagsisibak	V;IPFV;AGFOC
sibak	magsisibak	V;AGFOC;LGSPEC1
sibak	sinibak	V;PFV;PFOC
sibak	sinisibak	V;IPFV;PFOC
sibak	sisibakin	V;PFOC;LGSPEC1
púnit	púnit	V;NFIN
púnit	pumúnit	V;PFV;AGFOC
púnit	pumupúnit	V;IPFV;AGFOC
púnit	pupúnit	V;AGFOC;LGSPEC1
púnit	pinúnit	V;PFV;PFOC
púnit	pinupúnit	V;IPFV;PFOC
púnit	pupúnitin	V;PFOC;LGSPEC1
pugot	pugot	V;NFIN
pugot	nagpugot	V;PFV;AGFOC
pugot	nagpupugot	V;IPFV;AGFOC
pugot	magpupugot	V;AGFOC;LGSPEC1
pugot	pinugot	V;PFV;PFOC
pugot	pinupugot	V;IPFV;PFOC
pugot	pupugutan	V;PFOC;LGSPEC1
tanggal	tanggal	V;NFIN
tanggal	nagtanggal	V;PFV;AGFOC
tanggal	nagtatanggal	V;IPFV;AGFOC
tanggal	magtatanggal	V;AGFOC;LGSPEC1
tanggal	tinanggal	V;PFV;PFOC
tanggal	tinatanggal	V;IPFV;PFOC
tanggal	tatanggalin	V;PFOC;LGSPEC1
sirá'	sirá'	V;NFIN
sirá'	sumirá'	V;PFV;AGFOC
sirá'	sumisirá'	V;IPFV;AGFOC
sirá'	sisirá'	V;AGFOC;LGSPEC1
sirá'	sinirá'	V;PFV;PFOC
sirá'	sinisirá'	V;IPFV;PFOC
sirá'	sisirá'in	V;PFOC;LGSPEC1
sayaw	sayaw	V;NFIN
sayaw	sumayaw	V;PFV;AGFOC
sayaw	sumasayaw	V;IPFV;AGFOC
sayaw	sasayaw	V;AGFOC;LGSPEC1
sayaw	sinayaw	V;PFV;PFOC
sayaw	sinasayaw	V;IPFV;PFOC
sayaw	sasayawin	V;PFOC;LGSPEC1
linlang	linlang	V;NFIN
linlang	nanglinlang	V;PFV;AGFOC
linlang	nanlilinlang	V;IPFV;AGFOC
linlang	manlilinlang	V;AGFOC;LGSPEC1
linlang	nilinlang	V;PFV;PFOC
linlang	nililinlang	V;IPFV;PFOC
linlang	lilinlangin	V;PFOC;LGSPEC1
dalá	dalá	V;NFIN
dalá	nagdalá	V;PFV;AGFOC
dalá	nagdadalá	V;IPFV;AGFOC
dalá	magdadalá	V;AGFOC;LGSPEC1
dalá	dinalá	V;PFV;PFOC
dalá	dinadalá	V;IPFV;PFOC
dalá	dadálhin	V;PFOC;LGSPEC1
alís	alís	V;NFIN
alís	umalís	V;PFV;AGFOC
alís	umaalís	V;IPFV;AGFOC
alís	aalís	V;AGFOC;LGSPEC1
sirá'	sirá'	V;NFIN
sirá'	nanirá'	V;PFV;AGFOC
sirá'	naninirá'	V;IPFV;AGFOC
sirá'	maninirá'	V;AGFOC;LGSPEC1
sirá'	sinirá'	V;PFV;PFOC
sirá'	sinisirá'	V;IPFV;PFOC
sirá'	sisirá'in	V;PFOC;LGSPEC1
sirá'	sirá'	V;NFIN
sirá'	nanirá'	V;PFV;AGFOC
sirá'	naninirá'	V;IPFV;AGFOC
sirá'	maninirá'	V;AGFOC;LGSPEC1
sirá'	sinirá'an	V;PFV;PFOC
sirá'	sinisirá'an	V;IPFV;PFOC
sirá'	sisirá'an	V;PFOC;LGSPEC1
unlad	unlad	V;NFIN
unlad	umunlad	V;PFV;AGFOC
unlad	umuunlad	V;IPFV;AGFOC
unlad	uunlad	V;AGFOC;LGSPEC1
unlad	inunlad	V;PFV;PFOC
unlad	inuunlad	V;IPFV;PFOC
unlad	uunlarin	V;PFOC;LGSPEC1
patay	patay	V;NFIN
patay	namatay	V;PFV;AGFOC
patay	namamatay	V;IPFV;AGFOC
patay	mamamatay	V;AGFOC;LGSPEC1
patay	pinatay	V;PFV;PFOC
patay	pinapatay	V;IPFV;PFOC
patay	papatayin	V;PFOC;LGSPEC1
hatí'	hatí'	V;NFIN
hatí'	naghatí'	V;PFV;AGFOC
hatí'	naghahatí'	V;IPFV;AGFOC
hatí'	maghahatí'	V;AGFOC;LGSPEC1
hatí'	hinatí'	V;PFV;PFOC
hatí'	hinahatí'	V;IPFV;PFOC
hatí'	hahatí'in	V;PFOC;LGSPEC1
hílo	hílo	V;NFIN
hílo	nahílo	V;PFV;AGFOC
hílo	nahihílo	V;IPFV;AGFOC
hílo	mahihílo	V;AGFOC;LGSPEC1
gáwa'	gáwa'	V;NFIN
gáwa'	gumáwa'	V;PFV;AGFOC
gáwa'	gumagáwa'	V;IPFV;AGFOC
gáwa'	gagáwa'	V;AGFOC;LGSPEC1
gáwa'	ginawa'	V;PFV;PFOC
gáwa'	ginagawa'	V;IPFV;PFOC
gáwa'	gagawin	V;PFOC;LGSPEC1
guhit	guhit	V;NFIN
guhit	nagguhit	V;PFV;AGFOC
guhit	nagguguhit	V;IPFV;AGFOC
guhit	magguguhit	V;AGFOC;LGSPEC1
guhit	ginuhit	V;PFV;PFOC
guhit	ginuguhit	V;IPFV;PFOC
guhit	guguhitin	V;PFOC;LGSPEC1
bihis	bihis	V;NFIN
bihis	nagbihis	V;PFV;AGFOC
bihis	nagbibihis	V;IPFV;AGFOC
bihis	magbibihis	V;AGFOC;LGSPEC1
bihis	binihisan	V;PFV;PFOC
bihis	binibihisan	V;IPFV;PFOC
bihis	bibihisan	V;PFOC;LGSPEC1
hubad	hubad	V;NFIN
hubad	naghubad	V;PFV;AGFOC
hubad	nahuhubad	V;IPFV;AGFOC
hubad	maghuhubad	V;AGFOC;LGSPEC1
hubad	hinubad	V;PFV;PFOC
hubad	hinuhubad	V;IPFV;PFOC
hubad	huhubarin	V;PFOC;LGSPEC1
inom	inom	V;NFIN
inom	uminom	V;PFV;AGFOC
inom	umiinom	V;IPFV;AGFOC
inom	iinom	V;AGFOC;LGSPEC1
inom	ininom	V;PFV;PFOC
inom	iniinom	V;IPFV;PFOC
inom	iinumin	V;PFOC;LGSPEC1
maneho	maneho	V;NFIN
maneho	nagmaneho	V;PFV;AGFOC
maneho	nagmamaneho	V;IPFV;AGFOC
maneho	magmamaneho	V;AGFOC;LGSPEC1
maneho	minaneho	V;PFV;PFOC
maneho	minamaneho	V;IPFV;PFOC
maneho	mamanehuin	V;PFOC;LGSPEC1
hulog	hulog	V;NFIN
hulog	naghulog	V;PFV;AGFOC
hulog	naghuhulog	V;IPFV;AGFOC
hulog	maghuhulog	V;AGFOC;LGSPEC1
hulog	hinulog	V;PFV;PFOC
hulog	hinuhulog	V;IPFV;PFOC
hulog	ihuhulog	V;PFOC;LGSPEC1
bagsak	bagsak	V;NFIN
bagsak	nagbagsak	V;PFV;AGFOC
bagsak	nagbabagsak	V;IPFV;AGFOC
bagsak	magbabagsak	V;AGFOC;LGSPEC1
bagsak	binagsak	V;PFV;PFOC
bagsak	binabagsak	V;IPFV;PFOC
bagsak	ibabagsak	V;PFOC;LGSPEC1
bába'	bába'	V;NFIN
bába'	nagbába'	V;PFV;AGFOC
bába'	nagbabába'	V;IPFV;AGFOC
bába'	magbabába'	V;AGFOC;LGSPEC1
bába'	ibinába'	V;PFV;PFOC
bába'	ibinabába'	V;IPFV;PFOC
bába'	ibabába'	V;PFOC;LGSPEC1
hatíd	hatíd	V;NFIN
hatíd	naghatíd	V;PFV;AGFOC
hatíd	naghahatíd	V;IPFV;AGFOC
hatíd	maghahatíd	V;AGFOC;LGSPEC1
hatíd	hinatíd	V;PFV;PFOC
hatíd	hinahatíd	V;IPFV;PFOC
hatíd	ihahatíd	V;PFOC;LGSPEC1
kain	kain	V;NFIN
kain	kumain	V;PFV;AGFOC
kain	kumakain	V;IPFV;AGFOC
kain	kakain	V;AGFOC;LGSPEC1
kain	kinain	V;PFV;PFOC
kain	kinakain	V;IPFV;PFOC
kain	kakainin	V;PFOC;LGSPEC1
táas	táas	V;NFIN
táas	nagtáas	V;PFV;AGFOC
táas	nagtatáas	V;IPFV;AGFOC
táas	magtatáas	V;AGFOC;LGSPEC1
táas	tináas	V;PFV;PFOC
táas	tinatáas	V;IPFV;PFOC
táas	tatáasin	V;PFOC;LGSPEC1
tanan	tanan	V;NFIN
tanan	nagtanan	V;PFV;AGFOC
tanan	nagtatanan	V;IPFV;AGFOC
tanan	magtatanan	V;AGFOC;LGSPEC1
tanan	tinanan	V;PFV;PFOC
tanan	tinatanan	V;IPFV;PFOC
tanan	itatanan	V;PFOC;LGSPEC1
yakap	yakap	V;NFIN
yakap	yumakap	V;PFV;AGFOC
yakap	yumayakap	V;IPFV;AGFOC
yakap	yayakap	V;AGFOC;LGSPEC1
yakap	niyakap	V;PFV;PFOC
yakap	niyayakap	V;IPFV;PFOC
yakap	yayakapin	V;PFOC;LGSPEC1
sayá	sayá	V;NFIN
sayá	nagsayá	V;PFV;AGFOC
sayá	nagsasayá	V;IPFV;AGFOC
sayá	magsasayá	V;AGFOC;LGSPEC1
sayá	pinagsayáhan	V;PFV;PFOC
sayá	pinagsasayáhan	V;IPFV;PFOC
sayá	pagsasayáhan	V;PFOC;LGSPEC1
pasok	pasok	V;NFIN
pasok	pumasok	V;PFV;AGFOC
pasok	pumapasok	V;IPFV;AGFOC
pasok	papasok	V;AGFOC;LGSPEC1
pasok	pinasok	V;PFV;PFOC
pasok	pinapasok	V;IPFV;PFOC
pasok	papasukin	V;PFOC;LGSPEC1
suót	suót	V;NFIN
suót	sumuót	V;PFV;AGFOC
suót	sumusuót	V;IPFV;AGFOC
suót	susuót	V;AGFOC;LGSPEC1
suót	sinuótan	V;PFV;PFOC
suót	sinusuótan	V;IPFV;PFOC
suót	susuótan	V;PFOC;LGSPEC1
libang	libang	V;NFIN
libang	naglibang	V;PFV;AGFOC
libang	naglilibang	V;IPFV;AGFOC
libang	manlilibang	V;AGFOC;LGSPEC1
libang	nilibang	V;PFV;PFOC
libang	nililibang	V;IPFV;PFOC
libang	lilibangin	V;PFOC;LGSPEC1
burá	burá	V;NFIN
burá	nagburá	V;PFV;AGFOC
burá	nagbuburá	V;IPFV;AGFOC
burá	magbuburá	V;AGFOC;LGSPEC1
burá	binurá	V;PFV;PFOC
burá	binuburá	V;IPFV;PFOC
burá	buburáhin	V;PFOC;LGSPEC1
surí'	surí'	V;NFIN
surí'	nagsurí'	V;PFV;AGFOC
surí'	nagsusurí'	V;IPFV;AGFOC
surí'	magsusurí'	V;AGFOC;LGSPEC1
surí'	sinurí'	V;PFV;PFOC
surí'	sinusurí'	V;IPFV;PFOC
surí'	susurí'in	V;PFOC;LGSPEC1
tingín	tingín	V;NFIN
tingín	nagpatingín	V;PFV;AGFOC
tingín	nagpapatingín	V;IPFV;AGFOC
tingín	magpapatingín	V;AGFOC;LGSPEC1
tingín	tiníngnan	V;PFV;PFOC
tingín	tinitíngnan	V;IPFV;PFOC
tingín	titíngnan	V;PFOC;LGSPEC1
sulit	sulit	V;NFIN
sulit	nagsulit	V;PFV;AGFOC
sulit	nagsusulit	V;IPFV;AGFOC
sulit	magsusulit	V;AGFOC;LGSPEC1
sulit	sinulit	V;PFV;PFOC
sulit	sinusulit	V;IPFV;PFOC
sulit	susulitin	V;PFOC;LGSPEC1
ása	ása	V;NFIN
ása	umása	V;PFV;AGFOC
ása	umaása	V;IPFV;AGFOC
ása	aása	V;AGFOC;LGSPEC1
ása	inásahan	V;PFV;PFOC
ása	inaásahan	V;IPFV;PFOC
ása	aásahan	V;PFOC;LGSPEC1
lábas	lábas	V;NFIN
lábas	lumábas	V;PFV;AGFOC
lábas	lumalábas	V;IPFV;AGFOC
lábas	lalábas	V;AGFOC;LGSPEC1
lábas	nilábasan	V;PFV;PFOC
lábas	nilalábasan	V;IPFV;PFOC
lábas	lalábasan	V;PFOC;LGSPEC1
hárap	hárap	V;NFIN
hárap	humárap	V;PFV;AGFOC
hárap	humahárap	V;IPFV;AGFOC
hárap	hahárap	V;AGFOC;LGSPEC1
hárap	hinárap	V;PFV;PFOC
hárap	hinahárap	V;IPFV;PFOC
hárap	hahárapin	V;PFOC;LGSPEC1
hulog	hulog	V;NFIN
hulog	nahulog	V;PFV;AGFOC
hulog	nahuhulog	V;IPFV;AGFOC
hulog	mahuhulog	V;AGFOC;LGSPEC1
hulog	hinulog	V;PFV;PFOC
hulog	hinuhulog	V;IPFV;PFOC
hulog	ihuhulog	V;PFOC;LGSPEC1
saká	saká	V;NFIN
saká	nagsaká	V;PFV;AGFOC
saká	nagsasaká	V;IPFV;AGFOC
saká	magsasaká	V;AGFOC;LGSPEC1
saká	sinaká	V;PFV;PFOC
saká	sinasaká	V;IPFV;PFOC
saká	sasakáhin	V;PFOC;LGSPEC1
útot	útot	V;NFIN
útot	umútot	V;PFV;AGFOC
útot	umuútot	V;IPFV;AGFOC
útot	uútot	V;AGFOC;LGSPEC1
útot	inútot	V;PFV;PFOC
útot	inuútot	V;IPFV;PFOC
útot	uútutin	V;PFOC;LGSPEC1
kain	kain	V;NFIN
kain	nagpakain	V;PFV;AGFOC
kain	nagpapakain	V;IPFV;AGFOC
kain	magpapakain	V;AGFOC;LGSPEC1
kain	pinakain	V;PFV;PFOC
kain	pinapakain	V;IPFV;PFOC
kain	papakainin	V;PFOC;LGSPEC1
damdám	damdám	V;NFIN
damdám	nagdamdám	V;PFV;AGFOC
damdám	nagdaramdám	V;IPFV;AGFOC
damdám	magdaramdám	V;AGFOC;LGSPEC1
damdám	dinamdám	V;PFV;PFOC
damdám	dinaramdám	V;IPFV;PFOC
damdám	daramdámin	V;PFOC;LGSPEC1
dama	dama	V;NFIN
dama	dumama	V;PFV;AGFOC
dama	dumarama	V;IPFV;AGFOC
dama	dadama	V;AGFOC;LGSPEC1
dama	dinama	V;PFV;PFOC
dama	dinadama	V;IPFV;PFOC
dama	dadamhin	V;PFOC;LGSPEC1
gáling	gáling	V;NFIN
gáling	gumáling	V;PFV;AGFOC
gáling	gumagáling	V;IPFV;AGFOC
gáling	gagáling	V;AGFOC;LGSPEC1
lagnat	lagnat	V;NFIN
lagnat	nilagnat	V;PFV;PFOC
lagnat	nilalagnat	V;IPFV;PFOC
lagnat	lalagnatin	V;PFOC;LGSPEC1
laban	laban	V;NFIN
laban	lumaban	V;PFV;AGFOC
laban	lumalaban	V;IPFV;AGFOC
laban	lalaban	V;AGFOC;LGSPEC1
laban	nilabanan	V;PFV;PFOC
laban	nilalabanan	V;IPFV;PFOC
laban	lalabanan	V;PFOC;LGSPEC1
punó'	punó'	V;NFIN
punó'	nagpunó'	V;PFV;AGFOC
punó'	nagpupunó'	V;IPFV;AGFOC
punó'	magpupunó'	V;AGFOC;LGSPEC1
punó'	pinunó'	V;PFV;PFOC
punó'	pinupunó'	V;IPFV;PFOC
punó'	púpunuin	V;PFOC;LGSPEC1
hanap	hanap	V;NFIN
hanap	humanap	V;PFV;AGFOC
hanap	humahanap	V;IPFV;AGFOC
hanap	hahanap	V;AGFOC;LGSPEC1
hanap	hinanap	V;PFV;PFOC
hanap	hinahanap	V;IPFV;PFOC
hanap	hahanapin	V;PFOC;LGSPEC1
tapos	tapos	V;NFIN
tapos	tinapos	V;PFV;PFOC
tapos	tinatapos	V;IPFV;PFOC
tapos	tatapusin	V;PFOC;LGSPEC1
isdá'	isdá'	V;NFIN
isdá'	nangisdá'	V;PFV;AGFOC
isdá'	nangingisdá'	V;IPFV;AGFOC
isdá'	mangisdá'	V;AGFOC;LGSPEC1
lípad	lípad	V;NFIN
lípad	lumípad	V;PFV;AGFOC
lípad	lumilípad	V;IPFV;AGFOC
lípad	lilípad	V;AGFOC;LGSPEC1
lípad	nilípad	V;PFV;PFOC
lípad	nililípad	V;IPFV;PFOC
lípad	lilíparin	V;PFOC;LGSPEC1
súnod	súnod	V;NFIN
súnod	sumúnod	V;PFV;AGFOC
súnod	sumusúnod	V;IPFV;AGFOC
súnod	susúnod	V;AGFOC;LGSPEC1
súnod	sinúndan	V;PFV;PFOC
súnod	sinusúndan	V;IPFV;PFOC
súnod	susúndan	V;PFOC;LGSPEC1
limot	limot	V;NFIN
limot	lumimot	V;PFV;AGFOC
limot	lumilimot	V;IPFV;AGFOC
limot	lilimot	V;AGFOC;LGSPEC1
limot	nilimot	V;PFV;PFOC
limot	nililimot	V;IPFV;PFOC
limot	lilimutin	V;PFOC;LGSPEC1
limot	limot	V;NFIN
limot	nakalimot	V;PFV;AGFOC
limot	nakakalimot	V;IPFV;AGFOC
limot	makakalimot	V;AGFOC;LGSPEC1
limot	nakalimutan	V;PFV;PFOC
limot	nakakalimutan	V;IPFV;PFOC
limot	malilituman	V;PFOC;LGSPEC1
tákot	tákot	V;NFIN
tákot	nanákot	V;PFV;AGFOC
tákot	nananákot	V;IPFV;AGFOC
tákot	mananákot	V;AGFOC;LGSPEC1
tákot	tinákot	V;PFV;PFOC
tákot	tinatákot	V;IPFV;PFOC
tákot	tatakutin	V;PFOC;LGSPEC1
búsog	búsog	V;NFIN
búsog	nabúsog	V;PFV;AGFOC
búsog	nabubúsog	V;IPFV;AGFOC
búsog	mabubúsog	V;AGFOC;LGSPEC1
púno'	púno'	V;NFIN
púno'	napúno'	V;PFV;AGFOC
púno'	napupúno'	V;IPFV;AGFOC
púno'	mapupúno'	V;AGFOC;LGSPEC1
sugal	sugal	V;NFIN
sugal	nagsugal	V;PFV;AGFOC
sugal	nagsusugal	V;IPFV;AGFOC
sugal	magsusugal	V;AGFOC;LGSPEC1
sugal	sinugal	V;PFV;PFOC
sugal	sinusugal	V;IPFV;PFOC
sugal	isusugal	V;PFOC;LGSPEC1
kuhá'	kuhá'	V;NFIN
kuhá'	kumuhá'	V;PFV;AGFOC
kuhá'	kumukuhá'	V;IPFV;AGFOC
kuhá'	kukuhá'	V;AGFOC;LGSPEC1
kuhá'	kinuhá'	V;PFV;PFOC
kuhá'	kinukuhá'	V;IPFV;PFOC
kuhá'	kukunin	V;PFOC;LGSPEC1
regalo	regalo	V;NFIN
regalo	nagregalo	V;PFV;AGFOC
regalo	nagreregalo	V;IPFV;AGFOC
regalo	magreregalo	V;AGFOC;LGSPEC1
regalo	niregaluhan	V;PFV;PFOC
regalo	nireregalugan	V;IPFV;PFOC
regalo	reregaluhan	V;PFOC;LGSPEC1
bigay	bigay	V;NFIN
bigay	nagbigay	V;PFV;AGFOC
bigay	nagbibigay	V;IPFV;AGFOC
bigay	magbibigay	V;AGFOC;LGSPEC1
bigay	binigay	V;PFV;PFOC
bigay	binibigay	V;IPFV;PFOC
bigay	ibibigay	V;PFOC;LGSPEC1
sukó'	sukó'	V;NFIN
sukó'	sumukó'	V;PFV;AGFOC
sukó'	sumusukó'	V;IPFV;AGFOC
sukó'	susukó'	V;AGFOC;LGSPEC1
sukó'	isinukó'	V;PFV;PFOC
sukó'	isinusukó'	V;IPFV;PFOC
sukó'	isusukó'	V;PFOC;LGSPEC1
puntá	puntá	V;NFIN
puntá	pumuntá	V;PFV;AGFOC
puntá	pumupuntá	V;IPFV;AGFOC
puntá	pupuntáhan	V;AGFOC;LGSPEC1
puntá	pinuntáhan	V;PFV;PFOC
puntá	pinupuntáhan	V;IPFV;PFOC
puntá	pupuntáhan	V;PFOC;LGSPEC1
layas	layas	V;NFIN
layas	lumayas	V;PFV;AGFOC
layas	lumalayas	V;IPFV;AGFOC
layas	lalayas	V;AGFOC;LGSPEC1
babá'	babá'	V;NFIN
babá'	bumabá'	V;PFV;AGFOC
babá'	bumababá'	V;IPFV;AGFOC
babá'	bababá'	V;AGFOC;LGSPEC1
babá'	binabá'	V;PFV;PFOC
babá'	binababá'	V;IPFV;PFOC
babá'	ibababá'	V;PFOC;LGSPEC1
tuloy	tuloy	V;NFIN
tuloy	tumuloy	V;PFV;AGFOC
tuloy	tumutuloy	V;IPFV;AGFOC
tuloy	tutuloy	V;AGFOC;LGSPEC1
tuloy	tinuluyan	V;PFV;PFOC
tuloy	tinutuluyan	V;IPFV;PFOC
tuloy	tutuluyan	V;PFOC;LGSPEC1
labas	labas	V;NFIN
labas	lumabas	V;PFV;AGFOC
labas	lumalabas	V;IPFV;AGFOC
labas	lalabas	V;AGFOC;LGSPEC1
labas	nilabas	V;PFV;PFOC
labas	nilalabas	V;IPFV;PFOC
labas	lalabasin	V;PFOC;LGSPEC1
akyat	akyat	V;NFIN
akyat	umakyat	V;PFV;AGFOC
akyat	umaakyat	V;IPFV;AGFOC
akyat	aakyat	V;AGFOC;LGSPEC1
akyat	inakyat	V;PFV;PFOC
akyat	inaakyat	V;IPFV;PFOC
akyat	aakyatin	V;PFOC;LGSPEC1
paalam	paalam	V;NFIN
paalam	nagpaalam	V;PFV;AGFOC
paalam	nagpapaalam	V;IPFV;AGFOC
paalam	magpapaalam	V;AGFOC;LGSPEC1
tápos	tápos	V;NFIN
tápos	nagtápos	V;PFV;AGFOC
tápos	nagtatápos	V;IPFV;AGFOC
tápos	magtatápos	V;AGFOC;LGSPEC1
bigay	bigay	V;NFIN
bigay	nabigay	V;PFV;AGFOC
bigay	nagbibigay	V;IPFV;AGFOC
bigay	magbibigay	V;AGFOC;LGSPEC1
bigay	binigyan	V;PFV;PFOC
bigay	binibigyan	V;IPFV;PFOC
bigay	bibigyan	V;PFOC;LGSPEC1
bati'	bati'	V;NFIN
bati'	bumati'	V;PFV;AGFOC
bati'	bumabati'	V;IPFV;AGFOC
bati'	babati'	V;AGFOC;LGSPEC1
bati'	binati'	V;PFV;PFOC
bati'	binabati'	V;IPFV;PFOC
bati'	babati'in	V;PFOC;LGSPEC1
laki	laki	V;NFIN
laki	lumaki	V;PFV;AGFOC
laki	lumalaki	V;IPFV;AGFOC
laki	lálaki	V;AGFOC;LGSPEC1
laki	inilaki	V;PFV;PFOC
laki	inilalaki	V;IPFV;PFOC
laki	ilalaki	V;PFOC;LGSPEC1
bantay	bantay	V;NFIN
bantay	nagbantay	V;PFV;AGFOC
bantay	nagbabantay	V;IPFV;AGFOC
bantay	magbabantay	V;AGFOC;LGSPEC1
bantay	binantayan	V;PFV;PFOC
bantay	binabantayan	V;IPFV;PFOC
bantay	babantayan	V;PFOC;LGSPEC1
gupit	gupit	V;NFIN
gupit	nagpagupit	V;PFV;AGFOC
gupit	nagpapagupit	V;IPFV;AGFOC
gupit	magpapagupit	V;AGFOC;LGSPEC1
gupit	ginupitan	V;PFV;PFOC
gupit	ginugupitan	V;IPFV;PFOC
gupit	gugupitan	V;PFOC;LGSPEC1
kamay	kamay	V;NFIN
kamay	nagkamay	V;PFV;AGFOC
kamay	nagkakamay	V;IPFV;AGFOC
kamay	magkakamay	V;AGFOC;LGSPEC1
kamay	kinamay	V;PFV;PFOC
kamay	kinakamay	V;IPFV;PFOC
kamay	kakamayin	V;PFOC;LGSPEC1
bigay	bigay	V;NFIN
bigay	ibinigay	V;PFV;PFOC
bigay	ibinibigay	V;IPFV;PFOC
bigay	ibibigay	V;PFOC;LGSPEC1
ábot	ábot	V;NFIN
ábot	nag-ábot	V;PFV;AGFOC
ábot	nag-aábot	V;IPFV;AGFOC
ábot	mag-aábot	V;AGFOC;LGSPEC1
ábot	inábot	V;PFV;PFOC
ábot	inaábot	V;IPFV;PFOC
ábot	iaábot	V;PFOC;LGSPEC1
kamay	kamay	V;NFIN
kamay	nagkamayan	V;PFV;AGFOC
kamay	nagkakamayan	V;IPFV;AGFOC
kamay	magkakamayan	V;AGFOC;LGSPEC1
kamay	kinamayan	V;PFV;PFOC
kamay	kinakamayan	V;IPFV;PFOC
kamay	kakamayan	V;PFOC;LGSPEC1
sampay	sampay	V;NFIN
sampay	nagsampay	V;PFV;AGFOC
sampay	nagsasampay	V;IPFV;AGFOC
sampay	magsasampay	V;AGFOC;LGSPEC1
sampay	sinampay	V;PFV;PFOC
sampay	sinasampay	V;IPFV;PFOC
sampay	isasampay	V;PFOC;LGSPEC1
sayá	sayá	V;NFIN
sayá	sumayá	V;PFV;AGFOC
sayá	sumasayá	V;IPFV;AGFOC
sayá	sasayá	V;AGFOC;LGSPEC1
sayá	ikinasayá	V;PFV;PFOC
sayá	ikinasasayá	V;IPFV;PFOC
sayá	ikakasayá	V;PFOC;LGSPEC1
sayá	sayá	V;NFIN
sayá	nagsayá	V;PFV;AGFOC
sayá	nagsasayá	V;IPFV;AGFOC
sayá	magsasayá	V;AGFOC;LGSPEC1
sayá	pinagsayá	V;PFV;PFOC
sayá	pinagsasayá	V;IPFV;PFOC
sayá	ipapagsayá	V;PFOC;LGSPEC1
suklam	suklam	V;NFIN
suklam	nasuklam	V;PFV;AGFOC
suklam	nasusuklam	V;IPFV;AGFOC
suklam	masusuklam	V;AGFOC;LGSPEC1
suklam	isinuklam	V;PFV;PFOC
suklam	isinusuklam	V;IPFV;PFOC
suklam	isusuklam	V;PFOC;LGSPEC1
muhí'	muhí'	V;NFIN
muhí'	namuhí'	V;PFV;AGFOC
muhí'	namumuhí'	V;IPFV;AGFOC
muhí'	mamumuhí'	V;AGFOC;LGSPEC1
muhí'	kinamuhí'an	V;PFV;PFOC
muhí'	kinakamuhí'an	V;IPFV;PFOC
muhí'	kamumuhí'an	V;PFOC;LGSPEC1
gáling	gáling	V;NFIN
gáling	gumáling	V;PFV;AGFOC
gáling	gumagáling	V;IPFV;AGFOC
gáling	gagáling	V;AGFOC;LGSPEC1
gáling	igináling	V;PFV;PFOC
gáling	iginagáling	V;IPFV;PFOC
gáling	igagáling	V;PFOC;LGSPEC1
dínig	dínig	V;NFIN
dínig	nadinig narinig	V;PFV;AGFOC
dínig	nadidinig naririnig	V;IPFV;AGFOC
dínig	madidinig maririnig	V;AGFOC;LGSPEC1
dínig	dininig dinirig	V;PFV;PFOC
dínig	dinidinig dinirinig	V;IPFV;PFOC
dínig	didinggin diringinggin	V;PFOC;LGSPEC1
kinig	kinig	V;NFIN
kinig	nakinig	V;PFV;AGFOC
kinig	nakikinig	V;IPFV;AGFOC
kinig	makikinig	V;AGFOC;LGSPEC1
kinig	pinakinggan	V;PFV;PFOC
kinig	pinapakinggan	V;IPFV;PFOC
kinig	papakinggan	V;PFOC;LGSPEC1
init	init	V;NFIN
init	nag-init	V;PFV;AGFOC
init	nag-iinit	V;IPFV;AGFOC
init	mag-iinit	V;AGFOC;LGSPEC1
init	ininit	V;PFV;PFOC
init	iniinit	V;IPFV;PFOC
init	iinitin	V;PFOC;LGSPEC1
kumusta	kumusta	V;NFIN
kumusta	nangumusta	V;PFV;AGFOC
kumusta	nangungumusta	V;IPFV;AGFOC
kumusta	mangungumusta	V;AGFOC;LGSPEC1
kumusta	kinumusta	V;PFV;PFOC
kumusta	kinukumusta	V;IPFV;PFOC
kumusta	kukumustahin	V;PFOC;LGSPEC1
tulong	tulong	V;NFIN
tulong	tumulong	V;PFV;AGFOC
tulong	tumutulong	V;IPFV;AGFOC
tulong	tutulong	V;AGFOC;LGSPEC1
tulong	tinulungan	V;PFV;PFOC
tulong	tinutulungan	V;IPFV;PFOC
tulong	tutulungan	V;PFOC;LGSPEC1
tago'	tago'	V;NFIN
tago'	nagtago'	V;PFV;AGFOC
tago'	nagtatago'	V;IPFV;AGFOC
tago'	magtatago'	V;AGFOC;LGSPEC1
tago'	tinago'	V;PFV;PFOC
tago'	tinatago'	V;IPFV;PFOC
tago'	itatago'	V;PFOC;LGSPEC1
tago'	tago'	V;NFIN
tago'	nagtago'	V;PFV;AGFOC
tago'	nagtatago'	V;IPFV;AGFOC
tago'	magtatago'	V;AGFOC;LGSPEC1
tago'	tinaguan	V;PFV;PFOC
tago'	tinataguan	V;IPFV;PFOC
tago'	tataguan	V;PFOC;LGSPEC1
lakad	lakad	V;NFIN
lakad	naglakad	V;PFV;AGFOC
lakad	naglalakad	V;IPFV;AGFOC
lakad	maglalakad	V;AGFOC;LGSPEC1
lakad	nilakad	V;PFV;PFOC
lakad	nilalakad	V;IPFV;PFOC
lakad	lalakarin	V;PFOC;LGSPEC1
suntok	suntok	V;NFIN
suntok	nanuntok	V;PFV;AGFOC
suntok	nanununtok	V;IPFV;AGFOC
suntok	manununtok	V;AGFOC;LGSPEC1
suntok	sinuntok	V;PFV;PFOC
suntok	sinusuntok	V;IPFV;PFOC
suntok	susuntukin	V;PFOC;LGSPEC1
pukpok	pukpok	V;NFIN
pukpok	namukpok	V;PFV;AGFOC
pukpok	namumukpok	V;IPFV;AGFOC
pukpok	mamumukpok	V;AGFOC;LGSPEC1
pukpok	pinukpok	V;PFV;PFOC
pukpok	pinupukpok	V;IPFV;PFOC
pukpok	pupukpukin	V;PFOC;LGSPEC1
tira	tira	V;NFIN
tira	tumira	V;PFV;AGFOC
tira	tumitira	V;IPFV;AGFOC
tira	titira	V;AGFOC;LGSPEC1
tira	tinira	V;PFV;PFOC
tira	tinitira	V;IPFV;PFOC
tira	titirahin	V;PFOC;LGSPEC1
hawak	hawak	V;NFIN
hawak	humawak	V;PFV;AGFOC
hawak	humahawak	V;IPFV;AGFOC
hawak	hahawak	V;AGFOC;LGSPEC1
hawak	hinawakan	V;PFV;PFOC
hawak	hinahawakan	V;IPFV;PFOC
hawak	hahawakan	V;PFOC;LGSPEC1
yakap	yakap	V;NFIN
yakap	yumakap	V;PFV;AGFOC
yakap	yumayakap	V;IPFV;AGFOC
yakap	yayakap	V;AGFOC;LGSPEC1
yakap	niyakap	V;PFV;PFOC
yakap	niyayakap	V;IPFV;PFOC
yakap	yayakapin	V;PFOC;LGSPEC1
dali'	dali'	V;NFIN
dali'	nagmadali'	V;PFV;AGFOC
dali'	nagmamadali'	V;IPFV;AGFOC
dali'	magmamadali'	V;AGFOC;LGSPEC1
dali'	minadali'	V;PFV;PFOC
dali'	minamadali'	V;IPFV;PFOC
dali'	mamadaliin	V;PFOC;LGSPEC1
sákit	sákit	V;NFIN
sákit	nasáktan	V;PFV;AGFOC
sákit	nasasáktan	V;IPFV;AGFOC
sákit	masasáktan	V;AGFOC;LGSPEC1
sákit	sináktan	V;PFV;PFOC
sákit	sinasáktan	V;IPFV;PFOC
sákit	sasáktan	V;PFOC;LGSPEC1
sákit	sákit	V;NFIN
sákit	sumákit	V;PFV;AGFOC
sákit	sumasákit	V;IPFV;AGFOC
sákit	sasákit	V;AGFOC;LGSPEC1
buti	buti	V;NFIN
buti	bumuti	V;PFV;AGFOC
buti	bumubuti	V;IPFV;AGFOC
buti	bubuti	V;AGFOC;LGSPEC1
buti	binuti	V;PFV;PFOC
buti	binubuti	V;IPFV;PFOC
buti	ibubuti	V;PFOC;LGSPEC1
suot	suot	V;NFIN
suot	nagsuot	V;PFV;AGFOC
suot	nagsusuot	V;IPFV;AGFOC
suot	magsusuot	V;AGFOC;LGSPEC1
suot	sinuot	V;PFV;PFOC
suot	sinusuot	V;IPFV;PFOC
suot	susuutin	V;PFOC;LGSPEC1
lagay	lagay	V;NFIN
lagay	naglagay	V;PFV;AGFOC
lagay	naglalagay	V;IPFV;AGFOC
lagay	maglalagay	V;AGFOC;LGSPEC1
lagay	nilagay	V;PFV;PFOC
lagay	nilalagay	V;IPFV;PFOC
lagay	ilalagay	V;PFOC;LGSPEC1
kabit	kabit	V;NFIN
kabit	nagkabit	V;PFV;AGFOC
kabit	nagkakabit	V;IPFV;AGFOC
kabit	magkakabit	V;AGFOC;LGSPEC1
kabit	kinabit	V;PFV;PFOC
kabit	kinakabit	V;IPFV;PFOC
kabit	ikakabit	V;PFOC;LGSPEC1
kilala	kilala	V;NFIN
kilala	nagpakilala	V;PFV;AGFOC
kilala	nagpapakilala	V;IPFV;AGFOC
kilala	magpapakilala	V;AGFOC;LGSPEC1
kilala	pinakilala	V;PFV;PFOC
kilala	pinapakilala	V;IPFV;PFOC
kilala	ipapakilala	V;PFOC;LGSPEC1
kita	kita	V;NFIN
kita	nagpakita	V;PFV;AGFOC
kita	nagpapakita	V;IPFV;AGFOC
kita	magpapakita	V;AGFOC;LGSPEC1
kita	pinakita	V;PFV;PFOC
kita	pinapakita	V;IPFV;PFOC
kita	ipapakita	V;PFOC;LGSPEC1
imbento	imbento	V;NFIN
imbento	nag-imbento	V;PFV;AGFOC
imbento	nag-iimbento	V;IPFV;AGFOC
imbento	mag-imbento	V;AGFOC;LGSPEC1
imbento	inimbento	V;PFV;PFOC
imbento	iniimbento	V;IPFV;PFOC
imbento	iimbentuhin	V;PFOC;LGSPEC1
imbita	imbita	V;NFIN
imbita	nag-imbita	V;PFV;AGFOC
imbita	nag-iimbita	V;IPFV;AGFOC
imbita	mag-iimbita	V;AGFOC;LGSPEC1
imbita	inimbita	V;PFV;PFOC
imbita	iniimbita	V;IPFV;PFOC
imbita	iimbitahin	V;PFOC;LGSPEC1
sali	sali	V;NFIN
sali	sumali	V;PFV;AGFOC
sali	sumasali	V;IPFV;AGFOC
sali	sasali	V;AGFOC;LGSPEC1
sali	sinali	V;PFV;PFOC
sali	sinasali	V;IPFV;PFOC
sali	isasali	V;PFOC;LGSPEC1
sali	sali	V;NFIN
sali	sumali	V;PFV;AGFOC
sali	sumasali	V;IPFV;AGFOC
sali	sasali	V;AGFOC;LGSPEC1
sali	sinalihan	V;PFV;PFOC
sali	sinasalihan	V;IPFV;PFOC
sali	sasalihan	V;PFOC;LGSPEC1
sama	sama	V;NFIN
sama	sumama	V;PFV;AGFOC
sama	sumasama	V;IPFV;AGFOC
sama	sasama	V;AGFOC;LGSPEC1
sama	sinamahan	V;PFV;PFOC
sama	sinasamahan	V;IPFV;PFOC
sama	sasamahan	V;PFOC;LGSPEC1
loko	loko	V;NFIN
loko	nangloko nanloko	V;PFV;AGFOC
loko	nangloloko nanloloko	V;IPFV;AGFOC
loko	mangloloko manloloko	V;AGFOC;LGSPEC1
loko	niloko	V;PFV;PFOC
loko	niloloko	V;IPFV;PFOC
loko	lolokohin	V;PFOC;LGSPEC1
talon	talon	V;NFIN
talon	tumalon	V;PFV;AGFOC
talon	tumatalon	V;IPFV;AGFOC
talon	tatalon	V;AGFOC;LGSPEC1
talon	tinalon	V;PFV;PFOC
talon	tinatalon	V;IPFV;PFOC
talon	tatalunin	V;PFOC;LGSPEC1
tago'	tago'	V;NFIN
tago'	nagtago'	V;PFV;AGFOC
tago'	nagtatago'	V;IPFV;AGFOC
tago'	magtatago'	V;AGFOC;LGSPEC1
tago'	itinago'	V;PFV;PFOC
tago'	itinatago'	V;IPFV;PFOC
tago'	itatago'	V;PFOC;LGSPEC1
tabí	tabí	V;NFIN
tabí	nagtabí	V;PFV;AGFOC
tabí	nagtatabi	V;IPFV;AGFOC
tabí	magtatabí	V;AGFOC;LGSPEC1
tabí	itinabí	V;PFV;PFOC
tabí	itinatabí	V;IPFV;PFOC
tabí	itatabí	V;PFOC;LGSPEC1
pátay	pátay	V;NFIN
pátay	pumátay	V;PFV;AGFOC
pátay	pumapátay	V;IPFV;AGFOC
pátay	papátay	V;AGFOC;LGSPEC1
pátay	pinátay	V;PFV;PFOC
pátay	pinapátay	V;IPFV;PFOC
pátay	papátayin	V;PFOC;LGSPEC1
katay	katay	V;NFIN
katay	nagkatay	V;PFV;AGFOC
katay	nagkakatay	V;IPFV;AGFOC
katay	magkakatay	V;AGFOC;LGSPEC1
katay	kinatay	V;PFV;PFOC
katay	kinakatay	V;IPFV;PFOC
katay	kakatayin	V;PFOC;LGSPEC1
pátay	pátay	V;NFIN
pátay	nagpátay	V;PFV;AGFOC
pátay	nagpapátay	V;IPFV;AGFOC
pátay	magpapátay	V;AGFOC;LGSPEC1
pátay	pinátay	V;PFV;PFOC
pátay	pinapátay	V;IPFV;PFOC
pátay	papátayin	V;PFOC;LGSPEC1
hálik	hálik	V;NFIN
hálik	humálik	V;PFV;AGFOC
hálik	humahálik	V;IPFV;AGFOC
hálik	hahálik	V;AGFOC;LGSPEC1
hálik	hinálikan	V;PFV;PFOC
hálik	hinahálikan	V;IPFV;PFOC
hálik	hahálikan	V;PFOC;LGSPEC1
kátok	kátok	V;NFIN
kátok	kumátok	V;PFV;AGFOC
kátok	kumakátok	V;IPFV;AGFOC
kátok	kakátok	V;AGFOC;LGSPEC1
kátok	kinátok	V;PFV;PFOC
kátok	kinakátok	V;IPFV;PFOC
kátok	kakátukin	V;PFOC;LGSPEC1
gibá'	gibá'	V;NFIN
gibá'	naggibá'	V;PFV;AGFOC
gibá'	naggigibá'	V;IPFV;AGFOC
gibá'	maggigibá'	V;AGFOC;LGSPEC1
gibá'	ginibá'	V;PFV;PFOC
gibá'	ginigibá'	V;IPFV;PFOC
gibá'	gigibá'in	V;PFOC;LGSPEC1
kilala	kilala	V;NFIN
kilala	nakipag- kilala	V;PFV;AGFOC
kilala	nakikipag- kilala	V;IPFV;AGFOC
kilala	makikipag- kilala	V;AGFOC;LGSPEC1
kilala	kinilala	V;PFV;PFOC
kilala	kinikilala	V;IPFV;PFOC
kilala	kikilalanin	V;PFOC;LGSPEC1
alam	alam	V;NFIN
alam	inalam	V;PFV;PFOC
alam	inaalam	V;IPFV;PFOC
alam	aalamin	V;PFOC;LGSPEC1
tawa	tawa	V;NFIN
tawa	tumawa	V;PFV;AGFOC
tawa	tumatawa	V;IPFV;AGFOC
tawa	tatawa	V;AGFOC;LGSPEC1
tawa	tinawanan	V;PFV;PFOC
tawa	tinatawanan	V;IPFV;PFOC
tawa	tatawanan	V;PFOC;LGSPEC1
labá	labá	V;NFIN
labá	naglabá	V;PFV;AGFOC
labá	naglalabá	V;IPFV;AGFOC
labá	maglalabá	V;AGFOC;LGSPEC1
labá	nilabhan	V;PFV;PFOC
labá	nilalabhan	V;IPFV;PFOC
labá	lalabhan	V;PFOC;LGSPEC1
lágay	lágay	V;NFIN
lágay	naglágay	V;PFV;AGFOC
lágay	naglalágay	V;IPFV;AGFOC
lágay	maglalágay	V;AGFOC;LGSPEC1
lágay	nilágay	V;PFV;PFOC
lágay	nilalágay	V;IPFV;PFOC
lágay	ilalágay	V;PFOC;LGSPEC1
sinungaling	sinungaling	V;NFIN
sinungaling	nag- sinungaling	V;PFV;AGFOC
sinungaling	nag- sisinungaling	V;IPFV;AGFOC
sinungaling	mag- sisinungaling	V;AGFOC;LGSPEC1
sinungaling	sinu- ngalingan	V;PFV;PFOC
sinungaling	sinisinu- ngalingan	V;IPFV;PFOC
sinungaling	sisinu- ngalingan	V;PFOC;LGSPEC1
higa'	higa'	V;NFIN
higa'	humiga'	V;PFV;AGFOC
higa'	humihiga'	V;IPFV;AGFOC
higa'	hihiga'	V;AGFOC;LGSPEC1
higa'	hinigaan	V;PFV;PFOC
higa'	hinihigaan	V;IPFV;PFOC
higa'	hihigaan	V;PFOC;LGSPEC1
ilaw	ilaw	V;NFIN
ilaw	umilaw	V;PFV;AGFOC
ilaw	umiilaw	V;IPFV;AGFOC
ilaw	iilaw	V;AGFOC;LGSPEC1
ilaw	inilawan	V;PFV;PFOC
ilaw	iniilawan	V;IPFV;PFOC
ilaw	iilawan	V;PFOC;LGSPEC1
kinig	kinig	V;NFIN
kinig	nakinig	V;PFV;AGFOC
kinig	nakikinig	V;IPFV;AGFOC
kinig	makikinig	V;AGFOC;LGSPEC1
kinig	pinakinggan	V;PFV;PFOC
kinig	pinapakinggan	V;IPFV;PFOC
kinig	papakinggan	V;PFOC;LGSPEC1
utang	utang	V;NFIN
utang	umutang	V;PFV;AGFOC
utang	umuutang	V;IPFV;AGFOC
utang	uutang	V;AGFOC;LGSPEC1
utang	inutangan	V;PFV;PFOC
utang	inuutangan	V;IPFV;PFOC
utang	uutangan	V;PFOC;LGSPEC1
tingin	tingin	V;NFIN
tingin	tumingin	V;PFV;AGFOC
tingin	tumitingin	V;IPFV;AGFOC
tingin	titingin	V;AGFOC;LGSPEC1
tingin	tiningnan	V;PFV;PFOC
tingin	tinitingnan	V;IPFV;PFOC
tingin	titingnan	V;PFOC;LGSPEC1
walá'	walá'	V;NFIN
walá'	nawalá'	V;PFV;AGFOC
walá'	nawawalá'	V;IPFV;AGFOC
walá'	mawawalá'	V;AGFOC;LGSPEC1
walá'	winalá'	V;PFV;PFOC
walá'	winawalá'	V;IPFV;PFOC
walá'	iwawalá'	V;PFOC;LGSPEC1
ibig	ibig	V;NFIN
ibig	umibig	V;PFV;AGFOC
ibig	umiibig	V;IPFV;AGFOC
ibig	iibig	V;AGFOC;LGSPEC1
ibig	inibig	V;PFV;PFOC
ibig	iniibig	V;IPFV;PFOC
ibig	iibigin	V;PFOC;LGSPEC1
mahal	mahal	V;NFIN
mahal	nagmahal	V;PFV;AGFOC
mahal	nagmamahal	V;IPFV;AGFOC
mahal	magmamahal	V;AGFOC;LGSPEC1
mahal	minahal	V;PFV;PFOC
mahal	minamahal	V;IPFV;PFOC
mahal	mamahalin	V;PFOC;LGSPEC1
gusto	gusto	V;NFIN
gusto	nagustuhan	V;PFV;PFOC
gusto	nagugustuhan	V;IPFV;PFOC
gusto	magugustuhan	V;PFOC;LGSPEC1
gáwa'	gáwa'	V;NFIN
gáwa'	gumáwa'	V;PFV;AGFOC
gáwa'	gumagáwa'	V;IPFV;AGFOC
gáwa'	gagáwa'	V;AGFOC;LGSPEC1
gáwa'	gináwa'	V;PFV;PFOC
gáwa'	ginagáwa'	V;IPFV;PFOC
gáwa'	gagáwain gagáwin	V;PFOC;LGSPEC1
palengke	palengke	V;NFIN
palengke	na- malengke	V;PFV;AGFOC
palengke	nama- malengke	V;IPFV;AGFOC
palengke	mama- malengke	V;AGFOC;LGSPEC1
palengke	pina- malengke	V;PFV;PFOC
palengke	pina- pamalengke	V;IPFV;PFOC
palengke	papa- malengkehin	V;PFOC;LGSPEC1
kasal	kasal	V;NFIN
kasal	nagpakasal	V;PFV;AGFOC
kasal	nagpapakasal	V;IPFV;AGFOC
kasal	magpapakasal	V;AGFOC;LGSPEC1
kasal	kinasal	V;PFV;PFOC
kasal	kinakasal	V;IPFV;PFOC
kasal	ikakasal	V;PFOC;LGSPEC1
timbang	timbang	V;NFIN
timbang	nagtimbang	V;PFV;AGFOC
timbang	nagtitimbang	V;IPFV;AGFOC
timbang	magtitimbang	V;AGFOC;LGSPEC1
timbang	tinimbang	V;PFV;PFOC
timbang	tinitimbang	V;IPFV;PFOC
timbang	titimbangin	V;PFOC;LGSPEC1
sukat	sukat	V;NFIN
sukat	nagsukat	V;PFV;AGFOC
sukat	nagsusukat	V;IPFV;AGFOC
sukat	magsusukat	V;AGFOC;LGSPEC1
sukat	sinukat	V;PFV;PFOC
sukat	sinusukat	V;IPFV;PFOC
sukat	susukatin	V;PFOC;LGSPEC1
kíta	kíta	V;NFIN
kíta	nagkíta	V;PFV;AGFOC
kíta	nagkikíta	V;IPFV;AGFOC
kíta	magkikíta	V;AGFOC;LGSPEC1
kíta	nakipagkíta	V;PFV;PFOC
kíta	nakikipagkíta	V;IPFV;PFOC
kíta	makikipagkíta	V;PFOC;LGSPEC1
lipat	lipat	V;NFIN
lipat	lumipat	V;PFV;AGFOC
lipat	lumilipat	V;IPFV;AGFOC
lipat	lilipat	V;AGFOC;LGSPEC1
lipat	nilipatan	V;PFV;PFOC
lipat	nililipatan	V;IPFV;PFOC
lipat	lilipatan	V;PFOC;LGSPEC1
lipat	lipat	V;NFIN
lipat	naglipat	V;PFV;AGFOC
lipat	naglilipat	V;IPFV;AGFOC
lipat	maglilipat	V;AGFOC;LGSPEC1
lipat	nilipat	V;PFV;PFOC
lipat	nililipat	V;IPFV;PFOC
lipat	ililipat	V;PFOC;LGSPEC1
usog	usog	V;NFIN
usog	umusog	V;PFV;AGFOC
usog	umuusog	V;IPFV;AGFOC
usog	uusog	V;AGFOC;LGSPEC1
usog	usog	V;NFIN
usog	nag-usog	V;PFV;AGFOC
usog	nag-uusog	V;IPFV;AGFOC
usog	mag-uusog	V;AGFOC;LGSPEC1
usog	inusog	V;PFV;PFOC
usog	inuusog	V;IPFV;PFOC
usog	iuusog	V;PFOC;LGSPEC1
siesta	siesta	V;NFIN
siesta	nagsiesta	V;PFV;AGFOC
siesta	nagsisiesta	V;IPFV;AGFOC
siesta	magsisiesta	V;AGFOC;LGSPEC1
pahinga	pahinga	V;NFIN
pahinga	nagpahinga	V;PFV;AGFOC
pahinga	nagpapahinga	V;IPFV;AGFOC
pahinga	magpapahinga	V;AGFOC;LGSPEC1
kailangan	kailangan	V;NFIN
kailangan	nanga-ilangan	V;PFV;AGFOC
kailangan	nanganga-ilangan	V;IPFV;AGFOC
kailangan	manganga-ilangan	V;AGFOC;LGSPEC1
kailangan	kinailangan	V;PFV;PFOC
kailangan	kinakailangan	V;IPFV;PFOC
kailangan	kakailanganin	V;PFOC;LGSPEC1
hindí'	hindí'	V;NFIN
hindí'	humindí'	V;PFV;AGFOC
hindí'	humihindí'	V;IPFV;AGFOC
hindí'	hihindí'	V;AGFOC;LGSPEC1
hindí'	hinindí'an	V;PFV;PFOC
hindí'	hinihindí'an	V;IPFV;PFOC
hindí'	hihindí'an	V;PFOC;LGSPEC1
tángo'	tángo'	V;NFIN
tángo'	tumángo'	V;PFV;AGFOC
tángo'	tumatángo'	V;IPFV;AGFOC
tángo'	tatángo'	V;AGFOC;LGSPEC1
tángo'	tinangú'an	V;PFV;PFOC
tángo'	tinatangú'an	V;IPFV;PFOC
tángo'	tatangú'an	V;PFOC;LGSPEC1
ingay	ingay	V;NFIN
ingay	nag-ingay	V;PFV;AGFOC
ingay	nag-iingay	V;IPFV;AGFOC
ingay	mag-iingay	V;AGFOC;LGSPEC1
ingay	iningayan	V;PFV;PFOC
ingay	iniingayan	V;IPFV;PFOC
ingay	iingayan	V;PFOC;LGSPEC1
súnod	súnod	V;NFIN
súnod	sumúnod	V;PFV;AGFOC
súnod	sumúsunod	V;IPFV;AGFOC
súnod	susúnod	V;AGFOC;LGSPEC1
súnod	sinúnod	V;PFV;PFOC
súnod	sinusúnod	V;IPFV;PFOC
súnod	susúnurin	V;PFOC;LGSPEC1
másid	másid	V;NFIN
másid	nagmásid	V;PFV;AGFOC
másid	nagmamásid	V;IPFV;AGFOC
másid	magmamásid	V;AGFOC;LGSPEC1
másid	minásdan	V;PFV;PFOC
másid	minamásdan	V;IPFV;PFOC
másid	mamásdan	V;PFOC;LGSPEC1
okupá	okupá	V;NFIN
okupá	nag-okupá	V;PFV;AGFOC
okupá	nag-ookupá	V;IPFV;AGFOC
okupá	mag-ookupá	V;AGFOC;LGSPEC1
okupá	inokupá	V;PFV;PFOC
okupá	inookupá	V;IPFV;PFOC
okupá	ookupáhin	V;PFOC;LGSPEC1
yari'	yari'	V;NFIN
yari'	nangyari'	V;PFV;AGFOC
yari'	nangyayari'	V;IPFV;AGFOC
yari'	mangyayari'	V;AGFOC;LGSPEC1
búkas	búkas	V;NFIN
búkas	nagbúkas	V;PFV;AGFOC
búkas	nagbubúkas	V;IPFV;AGFOC
búkas	magbubúkas	V;AGFOC;LGSPEC1
búkas	binuksan	V;PFV;PFOC
búkas	binubuksan	V;IPFV;PFOC
búkas	bubuksan	V;PFOC;LGSPEC1
búkas	búkas	V;NFIN
búkas	bumúkas	V;PFV;AGFOC
búkas	bumubúkas	V;IPFV;AGFOC
búkas	bubúkas	V;AGFOC;LGSPEC1
utos	utos	V;NFIN
utos	nag-utos	V;PFV;AGFOC
utos	nag-uutos	V;IPFV;AGFOC
utos	mag-uutos	V;AGFOC;LGSPEC1
utos	inutusan	V;PFV;PFOC
utos	inuutusan	V;IPFV;PFOC
utos	uutusan	V;PFOC;LGSPEC1
order	order	V;NFIN
order	nag-order	V;PFV;AGFOC
order	nag-oorder	V;IPFV;AGFOC
order	mag-oorder	V;AGFOC;LGSPEC1
order	inorder	V;PFV;PFOC
order	inoorder	V;IPFV;PFOC
order	oorderin	V;PFOC;LGSPEC1
pinta	pinta	V;NFIN
pinta	nagpinta	V;PFV;AGFOC
pinta	nagpipinta	V;IPFV;AGFOC
pinta	magpipinta	V;AGFOC;LGSPEC1
pinta	ipininta	V;PFV;PFOC
pinta	ipinipinta	V;IPFV;PFOC
pinta	pipintahin	V;PFOC;LGSPEC1
pinta	pinta	V;NFIN
pinta	nagpinta	V;PFV;AGFOC
pinta	nagpipinta	V;IPFV;AGFOC
pinta	magpipinta	V;AGFOC;LGSPEC1
pinta	pinintahan	V;PFV;PFOC
pinta	pinipintahan	V;IPFV;PFOC
pinta	pipintahan	V;PFOC;LGSPEC1
garahe	garahe	V;NFIN
garahe	naggarahe	V;PFV;AGFOC
garahe	naggagarahe	V;IPFV;AGFOC
garahe	maggagarahe	V;AGFOC;LGSPEC1
garahe	iginarahe	V;PFV;PFOC
garahe	iginagarahe	V;IPFV;PFOC
garahe	igagarahe	V;PFOC;LGSPEC1
parada	parada	V;NFIN
parada	pumarada	V;PFV;AGFOC
parada	pumaparada	V;IPFV;AGFOC
parada	paparada	V;AGFOC;LGSPEC1
parada	ipinarada	V;PFV;PFOC
parada	ipinaparada	V;IPFV;PFOC
parada	ipaparada	V;PFOC;LGSPEC1
pasa	pasa	V;NFIN
pasa	pumása	V;PFV;AGFOC
pasa	pumápasa	V;IPFV;AGFOC
pasa	pápasa	V;AGFOC;LGSPEC1
pasa	pinása	V;PFV;PFOC
pasa	pinápasa	V;IPFV;PFOC
pasa	ipápasa	V;PFOC;LGSPEC1
daan	daan	V;NFIN
daan	dumaan	V;PFV;AGFOC
daan	dumadaan dumaraan	V;IPFV;AGFOC
daan	dadaan daraan	V;AGFOC;LGSPEC1
daan	dinaanan	V;PFV;PFOC
daan	dinadaanan	V;IPFV;PFOC
daan	dadaanan	V;PFOC;LGSPEC1
pasa	pasa	V;NFIN
pasa	nagpasa	V;PFV;AGFOC
pasa	nagpapasa	V;IPFV;AGFOC
pasa	magpapasa	V;AGFOC;LGSPEC1
pasa	ipinasa	V;PFV;PFOC
pasa	ipinapasa	V;IPFV;PFOC
pasa	ipapasa	V;PFOC;LGSPEC1
ábot	ábot	V;NFIN
ábot	nag-ábot	V;PFV;AGFOC
ábot	nag-aábot	V;IPFV;AGFOC
ábot	mag-aábot	V;AGFOC;LGSPEC1
ábot	inabot	V;PFV;PFOC
ábot	inaábot	V;IPFV;PFOC
ábot	iaábot	V;PFOC;LGSPEC1
sanlá'	sanlá'	V;NFIN
sanlá'	nagsanlá'	V;PFV;AGFOC
sanlá'	nagsasanlá'	V;IPFV;AGFOC
sanlá'	magsasanlá'	V;AGFOC;LGSPEC1
sanlá'	sinanlá'	V;PFV;PFOC
sanlá'	sinasanlá'	V;IPFV;PFOC
sanlá'	isasanlá'	V;PFOC;LGSPEC1
bayad	bayad	V;NFIN
bayad	nagbayad	V;PFV;AGFOC
bayad	nagbabayad	V;IPFV;AGFOC
bayad	magbabayad	V;AGFOC;LGSPEC1
bayad	binayaran	V;PFV;PFOC
bayad	binabayaran	V;IPFV;PFOC
bayad	babayaran	V;PFOC;LGSPEC1
silip	silip	V;NFIN
silip	sumilip	V;PFV;AGFOC
silip	sumisilip	V;IPFV;AGFOC
silip	sisilip	V;AGFOC;LGSPEC1
silip	sinilip	V;PFV;PFOC
silip	sinisilip	V;IPFV;PFOC
silip	sisilipin	V;PFOC;LGSPEC1
pili'	pili'	V;NFIN
pili'	pumili'	V;PFV;AGFOC
pili'	pumipili'	V;IPFV;AGFOC
pili'	pipili'	V;AGFOC;LGSPEC1
pili'	pinili'	V;PFV;PFOC
pili'	pinipili'	V;IPFV;PFOC
pili'	pipiliin	V;PFOC;LGSPEC1
dampot	dampot	V;NFIN
dampot	dumampot	V;PFV;AGFOC
dampot	dumadampot	V;IPFV;AGFOC
dampot	dadampot	V;AGFOC;LGSPEC1
dampot	dinampot	V;PFV;PFOC
dampot	dinadampot	V;IPFV;PFOC
dampot	dadamputin	V;PFOC;LGSPEC1
sundó'	sundó'	V;NFIN
sundó'	nagsundó'	V;PFV;AGFOC
sundó'	nagsusundó'	V;IPFV;AGFOC
sundó'	magsusundó'	V;AGFOC;LGSPEC1
sundó'	sinundó'	V;PFV;PFOC
sundó'	sinusundó'	V;IPFV;PFOC
sundó'	susundúin	V;PFOC;LGSPEC1
lagay	lagay	V;NFIN
lagay	naglagay	V;PFV;AGFOC
lagay	naglalagay	V;IPFV;AGFOC
lagay	maglalagay	V;AGFOC;LGSPEC1
lagay	nilagay	V;PFV;PFOC
lagay	nilalagay	V;IPFV;PFOC
lagay	ilalagay	V;PFOC;LGSPEC1
tanim	tanim	V;NFIN
tanim	nagtanim	V;PFV;AGFOC
tanim	nagtatanim	V;IPFV;AGFOC
tanim	magtatanim	V;AGFOC;LGSPEC1
tanim	tinanim	V;PFV;PFOC
tanim	tinatanim	V;IPFV;PFOC
tanim	itatanim	V;PFOC;LGSPEC1
laró'	laró'	V;NFIN
laró'	naglagró'	V;PFV;AGFOC
laró'	naglalaró'	V;IPFV;AGFOC
laró'	maglalaró'	V;AGFOC;LGSPEC1
laró'	nilaró'	V;PFV;PFOC
laró'	nilalaró'	V;IPFV;PFOC
laró'	lalarúin	V;PFOC;LGSPEC1
tugtog	tugtog	V;NFIN
tugtog	tumugtog	V;PFV;AGFOC
tugtog	tumutugtog	V;IPFV;AGFOC
tugtog	tutugtog	V;AGFOC;LGSPEC1
tugtog	tinugtog	V;PFV;PFOC
tugtog	tinutugtog	V;IPFV;PFOC
tugtog	tutugtugin	V;PFOC;LGSPEC1
pangako'	pangako'	V;NFIN
pangako'	nangako'	V;PFV;AGFOC
pangako'	nangangako'	V;IPFV;AGFOC
pangako'	mangangako'	V;AGFOC;LGSPEC1
pangako'	ipinangako'	V;PFV;PFOC
pangako'	ipinapangako'	V;IPFV;PFOC
pangako'	ipapangako'	V;PFOC;LGSPEC1
turo'	turo'	V;NFIN
turo'	nagturo'	V;PFV;AGFOC
turo'	nagtuturo'	V;IPFV;AGFOC
turo'	magtuturo'	V;AGFOC;LGSPEC1
turo'	tinuro'	V;PFV;PFOC
turo'	tinuturo'	V;IPFV;PFOC
turo'	ituturo'	V;PFOC;LGSPEC1
buhos	buhos	V;NFIN
buhos	nagbuhos	V;PFV;AGFOC
buhos	nagbubuhos	V;IPFV;AGFOC
buhos	magbubuhos	V;AGFOC;LGSPEC1
buhos	binuhos	V;PFV;PFOC
buhos	binubuhos	V;IPFV;PFOC
buhos	ibubuhos	V;PFOC;LGSPEC1
simangot	simangot	V;NFIN
simangot	sumimangot	V;PFV;AGFOC
simangot	sumisimangot	V;IPFV;AGFOC
simangot	sisimangot	V;AGFOC;LGSPEC1
simangot	sinimangutan	V;PFV;PFOC
simangot	sinisimangutan	V;IPFV;PFOC
simangot	sisimangutan	V;PFOC;LGSPEC1
dasal	dasal	V;NFIN
dasal	nagdasal	V;PFV;AGFOC
dasal	nagdadasal	V;IPFV;AGFOC
dasal	magdadasal	V;AGFOC;LGSPEC1
dasal	dinasal	V;PFV;PFOC
dasal	dinadasal	V;IPFV;PFOC
dasal	idadasal	V;PFOC;LGSPEC1
handá'	handá'	V;NFIN
handá'	naghandá'	V;PFV;AGFOC
handá'	naghahandá'	V;IPFV;AGFOC
handá'	maghahandá'	V;AGFOC;LGSPEC1
handá'	hinandá'	V;PFV;PFOC
handá'	hinahandá'	V;IPFV;PFOC
handá'	ihahandá'	V;PFOC;LGSPEC1
handá'	handá'	V;NFIN
handá'	humandá'	V;PFV;AGFOC
handá'	humahandá'	V;IPFV;AGFOC
handá'	hahandá'	V;AGFOC;LGSPEC1
kilala	kilala	V;NFIN
kilala	ipinakilala	V;PFV;PFOC
kilala	ipinakikilala	V;IPFV;PFOC
kilala	ipapakilala	V;PFOC;LGSPEC1
plantsa	plantsa	V;NFIN
plantsa	nagplantsa	V;PFV;AGFOC
plantsa	nagpaplantsa	V;IPFV;AGFOC
plantsa	magplaplantsa	V;AGFOC;LGSPEC1
plantsa	pinaltsa	V;PFV;PFOC
plantsa	pinaplantsa	V;IPFV;PFOC
plantsa	paplantsahin	V;PFOC;LGSPEC1
ganda	ganda	V;NFIN
ganda	gumanda	V;PFV;AGFOC
ganda	gumaganda	V;IPFV;AGFOC
ganda	gaganda	V;AGFOC;LGSPEC1
ganda	ginanda	V;PFV;PFOC
ganda	ginaganda	V;IPFV;PFOC
ganda	igaganda	V;PFOC;LGSPEC1
ganda	ganda	V;NFIN
ganda	nagpaganda	V;PFV;AGFOC
ganda	nagpapaganda	V;IPFV;AGFOC
ganda	magpapaganda	V;AGFOC;LGSPEC1
ganda	pinaganda	V;PFV;PFOC
ganda	pinapaganda	V;IPFV;PFOC
ganda	pagagandahin	V;PFOC;LGSPEC1
pigil	pigil	V;NFIN
pigil	nagpigil	V;PFV;AGFOC
pigil	nagpipigil	V;IPFV;AGFOC
pigil	magpipigil	V;AGFOC;LGSPEC1
pigil	pinigilan	V;PFV;PFOC
pigil	pinipigilan	V;IPFV;PFOC
pigil	pipigilan	V;PFOC;LGSPEC1
pigil	pigil	V;NFIN
pigil	pinigil	V;PFV;PFOC
pigil	pinipigil	V;IPFV;PFOC
pigil	pipigilin	V;PFOC;LGSPEC1
promote	promote	V;NFIN
promote	na-promote	V;PFV;AGFOC
promote	napo-promote	V;IPFV;AGFOC
promote	mapo-promote	V;AGFOC;LGSPEC1
promote	pinromote	V;PFV;PFOC
promote	pinopromote	V;IPFV;PFOC
promote	ipopromote	V;PFOC;LGSPEC1
taguyod	taguyod	V;NFIN
taguyod	nagtaguyod	V;PFV;AGFOC
taguyod	nagtataguyod	V;IPFV;AGFOC
taguyod	magtataguyod	V;AGFOC;LGSPEC1
taguyod	tinaguyod	V;PFV;PFOC
taguyod	tinataguyod	V;IPFV;PFOC
taguyod	itataguyod	V;PFOC;LGSPEC1
hila	hila	V;NFIN
hila	naghila	V;PFV;AGFOC
hila	naghihila	V;IPFV;AGFOC
hila	maghihila	V;AGFOC;LGSPEC1
hila	hinila	V;PFV;PFOC
hila	hinihila	V;IPFV;PFOC
hila	hihilahin	V;PFOC;LGSPEC1
tulak	tulak	V;NFIN
tulak	nagtulak	V;PFV;AGFOC
tulak	nagtutulak	V;IPFV;AGFOC
tulak	magtutulak	V;AGFOC;LGSPEC1
tulak	tinulak	V;PFV;PFOC
tulak	tinutulak	V;IPFV;PFOC
tulak	itutulak	V;PFOC;LGSPEC1
lagay	lagay	V;NFIN
lagay	naglagay	V;PFV;AGFOC
lagay	naglalagay	V;IPFV;AGFOC
lagay	maglalagay	V;AGFOC;LGSPEC1
lagay	nilagay	V;PFV;PFOC
lagay	nilalagay	V;IPFV;PFOC
lagay	ilalagay	V;PFOC;LGSPEC1
pasok	pasok	V;NFIN
pasok	nagpasok	V;PFV;AGFOC
pasok	nagpapasok	V;IPFV;AGFOC
pasok	magpapasok	V;AGFOC;LGSPEC1
pasok	ipinasok	V;PFV;PFOC
pasok	ipinapasok	V;IPFV;PFOC
pasok	ipapasok	V;PFOC;LGSPEC1
subo'	subo'	V;NFIN
subo'	nagsubo'	V;PFV;AGFOC
subo'	nagsusubo'	V;IPFV;AGFOC
subo'	magsusubo'	V;AGFOC;LGSPEC1
subo'	sinubo'	V;PFV;PFOC
subo'	sinusubo'	V;IPFV;PFOC
subo'	isusubo'	V;PFOC;LGSPEC1
bukas	bukas	V;NFIN
bukas	nagbukas	V;PFV;AGFOC
bukas	nagbubukas	V;IPFV;AGFOC
bukas	magbubukas	V;AGFOC;LGSPEC1
bukas	binuksan	V;PFV;PFOC
bukas	binubuksan	V;IPFV;PFOC
bukas	bubuksan	V;PFOC;LGSPEC1
suot	suot	V;NFIN
suot	nagsuot	V;PFV;AGFOC
suot	nagsusuot	V;IPFV;AGFOC
suot	magsusuot	V;AGFOC;LGSPEC1
suot	sinuot	V;PFV;PFOC
suot	sinusuot	V;IPFV;PFOC
suot	susuutin	V;PFOC;LGSPEC1
alis	alis	V;NFIN
alis	nag-alis	V;PFV;AGFOC
alis	nag-aalis	V;IPFV;AGFOC
alis	mag-aalis	V;AGFOC;LGSPEC1
alis	inalis	V;PFV;PFOC
alis	inaalis	V;IPFV;PFOC
alis	aalisin	V;PFOC;LGSPEC1
bába'	bába'	V;NFIN
bába'	nagbába'	V;PFV;AGFOC
bába'	nagbabába'	V;IPFV;AGFOC
bába'	magbabába'	V;AGFOC;LGSPEC1
bába'	ibinába'	V;PFV;PFOC
bába'	ibinabába'	V;IPFV;PFOC
bába'	ibabába'	V;PFOC;LGSPEC1
tanong	tanong	V;NFIN
tanong	nagtanong	V;PFV;AGFOC
tanong	nagtatanong	V;IPFV;AGFOC
tanong	magtatanong	V;AGFOC;LGSPEC1
tanong	tinanong	V;PFV;PFOC
tanong	tinatanong	V;IPFV;PFOC
tanong	tatanungin	V;PFOC;LGSPEC1
bilis	bilis	V;NFIN
bilis	bumilis	V;PFV;AGFOC
bilis	bumibilis	V;IPFV;AGFOC
bilis	bibilis	V;AGFOC;LGSPEC1
bilis	bilisan	V;PFV;PFOC
bilis	binibilisan	V;IPFV;PFOC
bilis	bibilisan	V;PFOC;LGSPEC1
tahimik	tahimik	V;NFIN
tahimik	tumahimik	V;PFV;AGFOC
tahimik	tumatahimik	V;IPFV;AGFOC
tahimik	tatahimik	V;AGFOC;LGSPEC1
tahimik	tinahimik	V;PFV;PFOC
tahimik	tinatahimik	V;IPFV;PFOC
tahimik	itatahimik	V;PFOC;LGSPEC1
ayaw	ayaw	V;NFIN
ayaw	umayaw	V;PFV;AGFOC
ayaw	umaayaw	V;IPFV;AGFOC
ayaw	aayaw	V;AGFOC;LGSPEC1
ayaw	inayawan	V;PFV;PFOC
ayaw	inaayawan	V;IPFV;PFOC
ayaw	aayawan	V;PFOC;LGSPEC1
arúga'	arúga'	V;NFIN
arúga'	nag-arúga'	V;PFV;AGFOC
arúga'	nag-aarúga'	V;IPFV;AGFOC
arúga'	mag-aarúga'	V;AGFOC;LGSPEC1
arúga'	inarugaan	V;PFV;PFOC
arúga'	inaarugaan	V;IPFV;PFOC
arúga'	aaraguan	V;PFOC;LGSPEC1
alaga	alaga	V;NFIN
alaga	nag-alaga	V;PFV;AGFOC
alaga	nag-aalaga	V;IPFV;AGFOC
alaga	mag-aalaga	V;AGFOC;LGSPEC1
alaga	inalagaan	V;PFV;PFOC
alaga	inaalagaaan	V;IPFV;PFOC
alaga	aalagaan	V;PFOC;LGSPEC1
laki	laki	V;NFIN
laki	nagpalaki	V;PFV;AGFOC
laki	nagpapalaki	V;IPFV;AGFOC
laki	magpapalaki	V;AGFOC;LGSPEC1
laki	pinalaki	V;PFV;PFOC
laki	pinapalaki	V;IPFV;PFOC
laki	papalakihin	V;PFOC;LGSPEC1
taas	taas	V;NFIN
taas	nagtaas	V;PFV;AGFOC
taas	nagtataas	V;IPFV;AGFOC
taas	magtataas	V;AGFOC;LGSPEC1
taas	itinaas	V;PFV;PFOC
taas	itinataas	V;IPFV;PFOC
taas	itataas	V;PFOC;LGSPEC1
abot	abot	V;NFIN
abot	umabot	V;PFV;AGFOC
abot	umaabot	V;IPFV;AGFOC
abot	aabot	V;AGFOC;LGSPEC1
abot	inabot	V;PFV;PFOC
abot	inaabot	V;IPFV;PFOC
abot	aabutin	V;PFOC;LGSPEC1
dating rating	dating rating	V;NFIN
dating rating	dumating narating	V;PFV;AGFOC
dating rating	dumarating nararating	V;IPFV;AGFOC
dating rating	darating mararating	V;AGFOC;LGSPEC1
basa	basa	V;NFIN
basa	nagbása bumasa	V;PFV;AGFOC
basa	nagbabása bumabasa	V;IPFV;AGFOC
basa	magbabása babasa	V;AGFOC;LGSPEC1
basa	binasa	V;PFV;PFOC
basa	binabasa	V;IPFV;PFOC
basa	babasahin	V;PFOC;LGSPEC1
basa	basa	V;NFIN
basa	binasahan	V;PFV;PFOC
basa	binabasahan	V;IPFV;PFOC
basa	babasahan	V;PFOC;LGSPEC1
tanggap	tanggap	V;NFIN
tanggap	tumanggap	V;PFV;AGFOC
tanggap	tumatanggap	V;IPFV;AGFOC
tanggap	tatanggap	V;AGFOC;LGSPEC1
tanggap	tinanggap	V;PFV;PFOC
tanggap	tinatanggap	V;IPFV;PFOC
tanggap	tatanggapin	V;PFOC;LGSPEC1
ayaw	ayaw	V;NFIN
ayaw	umayaw	V;PFV;AGFOC
ayaw	umaayaw	V;IPFV;AGFOC
ayaw	aayaw	V;AGFOC;LGSPEC1
ayaw	inayawan	V;PFV;PFOC
ayaw	inaayawan	V;IPFV;PFOC
ayaw	aayawan	V;PFOC;LGSPEC1
tanggi	tanggi	V;NFIN
tanggi	tumanggi	V;PFV;AGFOC
tanggi	tamatanggi	V;IPFV;AGFOC
tanggi	tatanggi	V;AGFOC;LGSPEC1
tanggi	tinanggihan	V;PFV;PFOC
tanggi	tinatanggihan	V;IPFV;PFOC
tanggi	tatanggihan	V;PFOC;LGSPEC1
alala	alala	V;NFIN
alala	naalala	V;PFV;AGFOC
alala	naaalala	V;IPFV;AGFOC
alala	maaalala	V;AGFOC;LGSPEC1
alala	inalala	V;PFV;PFOC
alala	inaalala	V;IPFV;PFOC
alala	aalalahanin	V;PFOC;LGSPEC1
hubad	hubad	V;NFIN
hubad	naghubad	V;PFV;AGFOC
hubad	naghuhubad	V;IPFV;AGFOC
hubad	maghuhubad	V;AGFOC;LGSPEC1
hubad	hinubad	V;PFV;PFOC
hubad	hinuhubad	V;IPFV;PFOC
hubad	huhubarin	V;PFOC;LGSPEC1
alis	alis	V;NFIN
alis	nag-alis	V;PFV;AGFOC
alis	nag-aalis	V;IPFV;AGFOC
alis	mag-aalis	V;AGFOC;LGSPEC1
alis	inalis	V;PFV;PFOC
alis	inaalis	V;IPFV;PFOC
alis	aalisin	V;PFOC;LGSPEC1
alis	alis	V;NFIN
alis	nagpaalis	V;PFV;AGFOC
alis	nagpapaalis	V;IPFV;AGFOC
alis	magpapaalis	V;AGFOC;LGSPEC1
alis	pinaalis	V;PFV;PFOC
alis	pinapaalis	V;IPFV;PFOC
alis	papaalisin	V;PFOC;LGSPEC1
upa	upa	V;NFIN
upa	umupa	V;PFV;AGFOC
upa	umuupa	V;IPFV;AGFOC
upa	uupa	V;AGFOC;LGSPEC1
upa	inupahan	V;PFV;PFOC
upa	inuupahan	V;IPFV;PFOC
upa	uupahan	V;PFOC;LGSPEC1
arkila	arkila	V;NFIN
arkila	umarkila	V;PFV;AGFOC
arkila	umaarkila	V;IPFV;AGFOC
arkila	aarkila	V;AGFOC;LGSPEC1
arkila	inarkila	V;PFV;PFOC
arkila	inaarkila	V;IPFV;PFOC
arkila	aarkilahin	V;PFOC;LGSPEC1
renta	renta	V;NFIN
renta	nagrenta	V;PFV;AGFOC
renta	nagrerenta	V;IPFV;AGFOC
renta	magrerenta	V;AGFOC;LGSPEC1
renta	nirenta	V;PFV;PFOC
renta	nirerenta	V;IPFV;PFOC
renta	rerentahin	V;PFOC;LGSPEC1
ulit	ulit	V;NFIN
ulit	umulit	V;PFV;AGFOC
ulit	umuulit	V;IPFV;AGFOC
ulit	uulit	V;AGFOC;LGSPEC1
ulit	inulit	V;PFV;PFOC
ulit	inuulit	V;IPFV;PFOC
ulit	uulitin	V;PFOC;LGSPEC1
ulit	ulit	V;NFIN
ulit	nag-ulit	V;PFV;AGFOC
ulit	nag-uulit	V;IPFV;AGFOC
ulit	mag-uulit	V;AGFOC;LGSPEC1
ulit	inulit	V;PFV;PFOC
ulit	inuulit	V;IPFV;PFOC
ulit	uulitin	V;PFOC;LGSPEC1
ulat	ulat	V;NFIN
ulat	nag-ulat	V;PFV;AGFOC
ulat	nag-uulat	V;IPFV;AGFOC
ulat	mag-uulat	V;AGFOC;LGSPEC1
ulat	inulat	V;PFV;PFOC
ulat	inuulat	V;IPFV;PFOC
ulat	iuulat	V;PFOC;LGSPEC1
balita	balita	V;NFIN
balita	nagbalita	V;PFV;AGFOC
balita	nagbabalita	V;IPFV;AGFOC
balita	magbabalita	V;AGFOC;LGSPEC1
balita	binalita	V;PFV;PFOC
balita	binabalita	V;IPFV;PFOC
balita	ibabalita	V;PFOC;LGSPEC1
sumbong	sumbong	V;NFIN
sumbong	nagsumbong	V;PFV;AGFOC
sumbong	nagsusumbong	V;IPFV;AGFOC
sumbong	magsusumbong	V;AGFOC;LGSPEC1
sumbong	isinumbong	V;PFV;PFOC
sumbong	isinusumbong	V;IPFV;PFOC
sumbong	isusumbong	V;PFOC;LGSPEC1
sauli'	sauli'	V;NFIN
sauli'	nagsauli'	V;PFV;AGFOC
sauli'	nagsasauli'	V;IPFV;AGFOC
sauli'	magsasauli'	V;AGFOC;LGSPEC1
sauli'	isinauli'	V;PFV;PFOC
sauli'	isinasauli'	V;IPFV;PFOC
sauli'	isasauli'	V;PFOC;LGSPEC1
palit	palit	V;NFIN
palit	nagpalit	V;PFV;AGFOC
palit	nagpapalit	V;IPFV;AGFOC
palit	magpapalit	V;AGFOC;LGSPEC1
palit	pinalitan	V;PFV;PFOC
palit	pinapalitan	V;IPFV;PFOC
palit	papalitan	V;PFOC;LGSPEC1
ulit	ulit	V;NFIN
ulit	nag-ulit	V;PFV;AGFOC
ulit	nag-uulit	V;IPFV;AGFOC
ulit	mag-uulit	V;AGFOC;LGSPEC1
ulit	inulit	V;PFV;PFOC
ulit	inuulit	V;IPFV;PFOC
ulit	uulitin	V;PFOC;LGSPEC1
sakay	sakay	V;NFIN
sakay	sumakay	V;PFV;AGFOC
sakay	sumasakay	V;IPFV;AGFOC
sakay	sasakay	V;AGFOC;LGSPEC1
sakay	sinakyan	V;PFV;PFOC
sakay	sinasakyan	V;IPFV;PFOC
sakay	sasakyan	V;PFOC;LGSPEC1
táyo'	táyo'	V;NFIN
táyo'	tumáyo'	V;PFV;AGFOC
táyo'	tumatáyo'	V;IPFV;AGFOC
táyo'	tatáyo'	V;AGFOC;LGSPEC1
bangon	bangon	V;NFIN
bangon	bumangon	V;PFV;AGFOC
bangon	bumabangon	V;IPFV;AGFOC
bangon	babangon	V;AGFOC;LGSPEC1
bangon	binangon	V;PFV;PFOC
bangon	binabangon	V;IPFV;PFOC
bangon	ibabangon	V;PFOC;LGSPEC1
nakaw	nakaw	V;NFIN
nakaw	nagnakaw	V;PFV;AGFOC
nakaw	nagnanakaw	V;IPFV;AGFOC
nakaw	magnanakaw	V;AGFOC;LGSPEC1
nakaw	ninakaw	V;PFV;PFOC
nakaw	ninanakaw	V;IPFV;PFOC
nakaw	nanakawin	V;PFOC;LGSPEC1
gulong	gulong	V;NFIN
gulong	gumulong	V;PFV;AGFOC
gulong	gumugulong	V;IPFV;AGFOC
gulong	gugulong	V;AGFOC;LGSPEC1
gulong	ginulong	V;PFV;PFOC
gulong	ginugulong	V;IPFV;PFOC
gulong	igugulong	V;PFOC;LGSPEC1
kusot	kusot	V;NFIN
kusot	nagkusot	V;PFV;AGFOC
kusot	nagkukusot	V;IPFV;AGFOC
kusot	magkukusot	V;AGFOC;LGSPEC1
kusot	kinusot	V;PFV;PFOC
kusot	kinukusot	V;IPFV;PFOC
kusot	kukusutin	V;PFOC;LGSPEC1
hagod	hagod	V;NFIN
hagod	naghagod	V;PFV;AGFOC
hagod	naghahagod	V;IPFV;AGFOC
hagod	maghahagod	V;AGFOC;LGSPEC1
hagod	hinagod	V;PFV;PFOC
hagod	hinahagod	V;IPFV;PFOC
hagod	hahagurin	V;PFOC;LGSPEC1
masahe	masahe	V;NFIN
masahe	nagmasahe	V;PFV;AGFOC
masahe	nagmamasahe	V;IPFV;AGFOC
masahe	magmamasahe	V;AGFOC;LGSPEC1
masahe	minasahe	V;PFV;PFOC
masahe	minamasahe	V;IPFV;PFOC
masahe	mamasahiin	V;PFOC;LGSPEC1
takbo	takbo	V;NFIN
takbo	tumakbo	V;PFV;AGFOC
takbo	tumatakbo	V;IPFV;AGFOC
takbo	tatakbo	V;AGFOC;LGSPEC1
takbo	tinakbo	V;PFV;PFOC
takbo	tinatakbo	V;IPFV;PFOC
takbo	tatakbuhin	V;PFOC;LGSPEC1
lungkot	lungkot	V;NFIN
lungkot	nalungkot	V;PFV;AGFOC
lungkot	nalulungkot	V;IPFV;AGFOC
lungkot	malulungkot	V;AGFOC;LGSPEC1
lungkot	ikinalungkot	V;PFV;PFOC
lungkot	ikinalulungkot	V;IPFV;PFOC
lungkot	ikalulungkot	V;PFOC;LGSPEC1
sabi	sabi	V;NFIN
sabi	nagsabi	V;PFV;AGFOC
sabi	nagsasabi	V;IPFV;AGFOC
sabi	magsasabi	V;AGFOC;LGSPEC1
sabi	sinabi	V;PFV;PFOC
sabi	sinasabi	V;IPFV;PFOC
sabi	sasabihin	V;PFOC;LGSPEC1
takot	takot	V;NFIN
takot	natakot	V;PFV;AGFOC
takot	natatakot	V;IPFV;AGFOC
takot	matatakot	V;AGFOC;LGSPEC1
takot	tinakot	V;PFV;PFOC
takot	tinatakot	V;IPFV;PFOC
takot	tatakutin	V;PFOC;LGSPEC1
kita	kita	V;NFIN
kita	nakakita	V;PFV;AGFOC
kita	nakakakita	V;IPFV;AGFOC
kita	makakakita	V;AGFOC;LGSPEC1
kita	nakita	V;PFV;PFOC
kita	nakikita	V;IPFV;PFOC
kita	makikita	V;PFOC;LGSPEC1
benta	benta	V;NFIN
benta	nagbenta	V;PFV;AGFOC
benta	nagbebenta	V;IPFV;AGFOC
benta	magbebenta	V;AGFOC;LGSPEC1
benta	ibinenta	V;PFV;PFOC
benta	ibinebenta	V;IPFV;PFOC
benta	ibebenta	V;PFOC;LGSPEC1
tinda	tinda	V;NFIN
tinda	nagtinda	V;PFV;AGFOC
tinda	nagtitinda	V;IPFV;AGFOC
tinda	magtitinda	V;AGFOC;LGSPEC1
tinda	itininda	V;PFV;PFOC
tinda	itinitinda	V;IPFV;PFOC
tinda	ititinda	V;PFOC;LGSPEC1
tahi'	tahi'	V;NFIN
tahi'	nagtahi'	V;PFV;AGFOC
tahi'	nagtatahi'	V;IPFV;AGFOC
tahi'	magtatahi'	V;AGFOC;LGSPEC1
tahi'	tinahi'	V;PFV;PFOC
tahi'	tinatahi'	V;IPFV;PFOC
tahi'	tatahiin	V;PFOC;LGSPEC1
sigaw	sigaw	V;NFIN
sigaw	sumigaw	V;PFV;AGFOC
sigaw	sumisigaw	V;IPFV;AGFOC
sigaw	sisigaw	V;AGFOC;LGSPEC1
sigaw	sinigaw	V;PFV;PFOC
sigaw	sinisigaw	V;IPFV;PFOC
sigaw	isisigaw	V;PFOC;LGSPEC1
sigaw	sigaw	V;NFIN
sigaw	nagsigawan	V;PFV;AGFOC
sigaw	nagsisigawan	V;IPFV;AGFOC
sigaw	magsisigawan	V;AGFOC;LGSPEC1
sigaw	sinigawan	V;PFV;PFOC
sigaw	sinisigawan	V;IPFV;PFOC
sigaw	sisigawan	V;PFOC;LGSPEC1
pirma	pirma	V;NFIN
pirma	pumirma	V;PFV;AGFOC
pirma	pumipirma	V;IPFV;AGFOC
pirma	pipirma	V;AGFOC;LGSPEC1
pirma	pinirmahan	V;PFV;PFOC
pirma	pinipirmahan	V;IPFV;PFOC
pirma	pipirmahan	V;PFOC;LGSPEC1
senyas	senyas	V;NFIN
senyas	sumenyas	V;PFV;AGFOC
senyas	sumesenyas	V;IPFV;AGFOC
senyas	sesenyas	V;AGFOC;LGSPEC1
senyas	sinenyasan	V;PFV;PFOC
senyas	sinesenyasan	V;IPFV;PFOC
senyas	sesenyasan	V;PFOC;LGSPEC1
awit	awit	V;NFIN
awit	umawit	V;PFV;AGFOC
awit	umaawit	V;IPFV;AGFOC
awit	aawit	V;AGFOC;LGSPEC1
awit	inawit	V;PFV;PFOC
awit	inaawit	V;IPFV;PFOC
awit	aawitin	V;PFOC;LGSPEC1
kanta	kanta	V;NFIN
kanta	kumanta	V;PFV;AGFOC
kanta	kumakanta	V;IPFV;AGFOC
kanta	kakanta	V;AGFOC;LGSPEC1
kanta	kinanta	V;PFV;PFOC
kanta	kinakanta	V;IPFV;PFOC
kanta	kakantahin	V;PFOC;LGSPEC1
lubog	lubog	V;NFIN
lubog	lumubog	V;PFV;AGFOC
lubog	lumulubog	V;IPFV;AGFOC
lubog	lulubog	V;AGFOC;LGSPEC1
lubog	nilubog	V;PFV;PFOC
lubog	nilulubog	V;IPFV;PFOC
lubog	ilulubog	V;PFOC;LGSPEC1
upo'	upo'	V;NFIN
upo'	umupo'	V;PFV;AGFOC
upo'	umuupo'	V;IPFV;AGFOC
upo'	uupo'	V;AGFOC;LGSPEC1
upo'	inupuan	V;PFV;PFOC
upo'	inuupuan	V;IPFV;PFOC
upo'	uupuan	V;PFOC;LGSPEC1
tulog	tulog	V;NFIN
tulog	natulog	V;PFV;AGFOC
tulog	natutulog	V;IPFV;AGFOC
tulog	matutulog	V;AGFOC;LGSPEC1
tulog	tinulugan	V;PFV;PFOC
tulog	tinutulugan	V;IPFV;PFOC
tulog	tutulugan	V;PFOC;LGSPEC1
hiwa'	hiwa'	V;NFIN
hiwa'	naghiwa'	V;PFV;AGFOC
hiwa'	naghihiwa'	V;IPFV;AGFOC
hiwa'	maghihiwa'	V;AGFOC;LGSPEC1
hiwa'	hiniwa'	V;PFV;PFOC
hiwa'	hinihiwa'	V;IPFV;PFOC
hiwa'	hihiwain	V;PFOC;LGSPEC1
ngiti	ngiti	V;NFIN
ngiti	ngumiti	V;PFV;AGFOC
ngiti	ngumingiti	V;IPFV;AGFOC
ngiti	ngingiti	V;AGFOC;LGSPEC1
ngiti	nginitian	V;PFV;PFOC
ngiti	nginingitian	V;IPFV;PFOC
ngiti	ngingitian	V;PFOC;LGSPEC1
ayos	ayos	V;NFIN
ayos	nag-ayos	V;PFV;AGFOC
ayos	nag-aayos	V;IPFV;AGFOC
ayos	mag-aayos	V;AGFOC;LGSPEC1
ayos	inayos	V;PFV;PFOC
ayos	inaayos	V;IPFV;PFOC
ayos	aayusin	V;PFOC;LGSPEC1
táyo'	táyo'	V;NFIN
táyo'	tumáyo'	V;PFV;AGFOC
táyo'	tumatáyo'	V;IPFV;AGFOC
táyo'	tatáyo'	V;AGFOC;LGSPEC1
táyo'	tinayuan	V;PFV;PFOC
táyo'	tinatayuan	V;IPFV;PFOC
táyo'	tatayuan	V;PFOC;LGSPEC1
hinto'	hinto'	V;NFIN
hinto'	huminto'	V;PFV;AGFOC
hinto'	humihinto'	V;IPFV;AGFOC
hinto'	hihinto'	V;AGFOC;LGSPEC1
hinto'	hinintuan	V;PFV;PFOC
hinto'	hinihintuan	V;IPFV;PFOC
hinto'	hihintuan	V;PFOC;LGSPEC1
aral	aral	V;NFIN
aral	nag-aral	V;PFV;AGFOC
aral	nag-aaral	V;IPFV;AGFOC
aral	mag-aaral	V;AGFOC;LGSPEC1
aral	pinag-aralan	V;PFV;PFOC
aral	pinag-aaralan	V;IPFV;PFOC
aral	pag-aaralan	V;PFOC;LGSPEC1
habla	habla	V;NFIN
habla	naghabla	V;PFV;AGFOC
habla	naghahabla	V;IPFV;AGFOC
habla	maghahabla	V;AGFOC;LGSPEC1
habla	hinabla	V;PFV;PFOC
habla	hinahabla	V;IPFV;PFOC
habla	ihahabla	V;PFOC;LGSPEC1
dusa	dusa	V;NFIN
dusa	nagdusa	V;PFV;AGFOC
dusa	nagdudusa	V;IPFV;AGFOC
dusa	magdusa	V;AGFOC;LGSPEC1
dusa	ipinagdusa	V;PFV;PFOC
dusa	ipinagdudusa	V;IPFV;PFOC
dusa	pagdudusahan	V;PFOC;LGSPEC1
hirap	hirap	V;NFIN
hirap	naghirap	V;PFV;AGFOC
hirap	naghihirap	V;IPFV;AGFOC
hirap	maghihirap	V;AGFOC;LGSPEC1
hirap	hinirap	V;PFV;PFOC
hirap	hinihirap	V;IPFV;PFOC
hirap	ihihirap	V;PFOC;LGSPEC1
lunok	lunok	V;NFIN
lunok	lumunok	V;PFV;AGFOC
lunok	lumulunok	V;IPFV;AGFOC
lunok	lulunok	V;AGFOC;LGSPEC1
lunok	nilunok	V;PFV;PFOC
lunok	nilulunok	V;IPFV;PFOC
lunok	lulunukin	V;PFOC;LGSPEC1
walis	walis	V;NFIN
walis	nagwalis	V;PFV;AGFOC
walis	nagwawalis	V;IPFV;AGFOC
walis	magwawalis	V;AGFOC;LGSPEC1
walis	winalis	V;PFV;PFOC
walis	winawalis	V;IPFV;PFOC
walis	wawalisin	V;PFOC;LGSPEC1
kuha'	kuha'	V;NFIN
kuha'	kumuha'	V;PFV;AGFOC
kuha'	kumukuha'	V;IPFV;AGFOC
kuha'	kukuha'	V;AGFOC;LGSPEC1
kuha'	kinuha'	V;PFV;PFOC
kuha'	kinukuha'	V;IPFV;PFOC
kuha'	kukuhanin	V;PFOC;LGSPEC1
kuha'	kuha'	V;NFIN
kuha'	nanguha'	V;PFV;AGFOC
kuha'	nangunguha'	V;IPFV;AGFOC
kuha'	mangunguuha'	V;AGFOC;LGSPEC1
kuha'	kinunan	V;PFV;PFOC
kuha'	kinukunan	V;IPFV;PFOC
kuha'	kukunan	V;PFOC;LGSPEC1
ingat	ingat	V;NFIN
ingat	nag-ingat	V;PFV;AGFOC
ingat	nag-iingat	V;IPFV;AGFOC
ingat	mag-iingat	V;AGFOC;LGSPEC1
ingat	iningatan	V;PFV;PFOC
ingat	iniingatan	V;IPFV;PFOC
ingat	iingatan	V;PFOC;LGSPEC1
alaga'	alaga'	V;NFIN
alaga'	nag-alaga'	V;PFV;AGFOC
alaga'	nag-aalaga'	V;IPFV;AGFOC
alaga'	mag-aalaga'	V;AGFOC;LGSPEC1
alaga'	inalagaan	V;PFV;PFOC
alaga'	inaalagaan	V;IPFV;PFOC
alaga'	aalagaan	V;PFOC;LGSPEC1
ingat	ingat	V;NFIN
ingat	nag-ingat	V;PFV;AGFOC
ingat	nag-iingat	V;IPFV;AGFOC
ingat	mag-iingat	V;AGFOC;LGSPEC1
ingat	iningatan	V;PFV;PFOC
ingat	iniingatan	V;IPFV;PFOC
ingat	iingatan	V;PFOC;LGSPEC1
salita'	salita'	V;NFIN
salita'	nagsalita'	V;PFV;AGFOC
salita'	nagsasalita'	V;IPFV;AGFOC
salita'	magsasalita'	V;AGFOC;LGSPEC1
salita'	sinalita'	V;PFV;PFOC
salita'	sinasalita'	V;IPFV;PFOC
salita'	sasalitain	V;PFOC;LGSPEC1
turo'	turo'	V;NFIN
turo'	nagturo'	V;PFV;AGFOC
turo'	nagtuturo'	V;IPFV;AGFOC
turo'	magtuturo'	V;AGFOC;LGSPEC1
turo'	tinuro'	V;PFV;PFOC
turo'	tinuturo'	V;IPFV;PFOC
turo'	ituturo'	V;PFOC;LGSPEC1
biro'	biro'	V;NFIN
biro'	nagbiro'	V;PFV;AGFOC
biro'	nagbibiro'	V;IPFV;AGFOC
biro'	magbibiro'	V;AGFOC;LGSPEC1
biro'	biniro'	V;PFV;PFOC
biro'	binibiro'	V;IPFV;PFOC
biro'	bibiruin	V;PFOC;LGSPEC1
sabi	sabi	V;NFIN
sabi	nagsabi	V;PFV;AGFOC
sabi	nagsasabi	V;IPFV;AGFOC
sabi	magsasabi	V;AGFOC;LGSPEC1
sabi	sinabi	V;PFV;PFOC
sabi	sinasabi	V;IPFV;PFOC
sabi	sasabihin	V;PFOC;LGSPEC1
suri'	suri'	V;NFIN
suri'	nagsuri'	V;PFV;AGFOC
suri'	nagsusuri'	V;IPFV;AGFOC
suri'	magsusuri'	V;AGFOC;LGSPEC1
suri'	sinuri'	V;PFV;PFOC
suri'	sinusuri'	V;IPFV;PFOC
suri'	susuriin	V;PFOC;LGSPEC1
subok	subok	V;NFIN
subok	sumubok	V;PFV;AGFOC
subok	sumusubok	V;IPFV;AGFOC
subok	susubok	V;AGFOC;LGSPEC1
subok	sinubok	V;PFV;PFOC
subok	sinusubok	V;IPFV;PFOC
subok	susubukin	V;PFOC;LGSPEC1
higpit	higpit	V;NFIN
higpit	naghigpit	V;PFV;AGFOC
higpit	naghihigpit	V;IPFV;AGFOC
higpit	maghihigpit	V;AGFOC;LGSPEC1
higpit	hinigpitan	V;PFV;PFOC
higpit	hinihigpitan	V;IPFV;PFOC
higpit	hihigpitan	V;PFOC;LGSPEC1
isip	isip	V;NFIN
isip	nag-isip	V;PFV;AGFOC
isip	nag-iisip	V;IPFV;AGFOC
isip	mag-iisip	V;AGFOC;LGSPEC1
isip	inisip	V;PFV;PFOC
isip	iniisip	V;IPFV;PFOC
isip	iisip	V;PFOC;LGSPEC1
tapon	tapon	V;NFIN
tapon	nagtapon	V;PFV;AGFOC
tapon	nagtatapon	V;IPFV;AGFOC
tapon	magtatapon	V;AGFOC;LGSPEC1
tapon	tinapon	V;PFV;PFOC
tapon	tinatapon	V;IPFV;PFOC
tapon	itatapon	V;PFOC;LGSPEC1
lakbay	lakbay	V;NFIN
lakbay	naglakbay	V;PFV;AGFOC
lakbay	naglalakbay	V;IPFV;AGFOC
lakbay	maglalakbay	V;AGFOC;LGSPEC1
lakbay	nilakbay	V;PFV;PFOC
lakbay	nilalakbay	V;IPFV;PFOC
lakbay	lalakbayin	V;PFOC;LGSPEC1
bakasyon	bakasyon	V;NFIN
bakasyon	nagbakasyon	V;PFV;AGFOC
bakasyon	nagbabakasyon	V;IPFV;AGFOC
bakasyon	magbabakasyon	V;AGFOC;LGSPEC1
bakasyon	binakasyunan	V;PFV;PFOC
bakasyon	binabakasyunan	V;IPFV;PFOC
bakasyon	babakasyunan	V;PFOC;LGSPEC1
pasyal	pasyal	V;NFIN
pasyal	namasyal	V;PFV;AGFOC
pasyal	namamasyal	V;IPFV;AGFOC
pasyal	mamamasyal	V;AGFOC;LGSPEC1
pasyal	pinasyalan	V;PFV;PFOC
pasyal	pinapasyalan	V;IPFV;PFOC
pasyal	papasyalan	V;PFOC;LGSPEC1
lipad	lipad	V;NFIN
lipad	lumipad	V;PFV;AGFOC
lipad	lumilipad	V;IPFV;AGFOC
lipad	lilipad	V;AGFOC;LGSPEC1
lipad	nilipad	V;PFV;PFOC
lipad	nililipad	V;IPFV;PFOC
lipad	liliparin	V;PFOC;LGSPEC1
bukas	bukas	V;NFIN
bukas	nagbukas	V;PFV;AGFOC
bukas	nagbubukas	V;IPFV;AGFOC
bukas	magbubukas	V;AGFOC;LGSPEC1
bukas	binuksan	V;PFV;PFOC
bukas	binubuksan	V;IPFV;PFOC
bukas	bubuksan	V;PFOC;LGSPEC1
sara	sara	V;NFIN
sara	nagsara	V;PFV;AGFOC
sara	nagsasara	V;IPFV;AGFOC
sara	magsasara	V;AGFOC;LGSPEC1
sara	sinara	V;PFV;PFOC
sara	sinasara	V;IPFV;PFOC
sara	isasara	V;PFOC;LGSPEC1
patay	patay	V;NFIN
patay	nagpatay	V;PFV;AGFOC
patay	nagpapatay	V;IPFV;AGFOC
patay	magpapatay	V;AGFOC;LGSPEC1
patay	pinatay	V;PFV;PFOC
patay	pinapatay	V;IPFV;PFOC
patay	papatayin	V;PFOC;LGSPEC1
makinilya	makinilya	V;NFIN
makinilya	nagmakinilya	V;PFV;AGFOC
makinilya	nagmamakinilya	V;IPFV;AGFOC
makinilya	magmamakinilya	V;AGFOC;LGSPEC1
makinilya	minakinilya	V;PFV;PFOC
makinilya	minamakinilya	V;IPFV;PFOC
makinilya	mamakinilyahin	V;PFOC;LGSPEC1
intindi	intindi	V;NFIN
intindi	umintindi	V;PFV;AGFOC
intindi	umiintindi	V;IPFV;AGFOC
intindi	iintindi	V;AGFOC;LGSPEC1
intindi	inintindi	V;PFV;PFOC
intindi	iniintindi	V;IPFV;PFOC
intindi	iintindihin	V;PFOC;LGSPEC1
intindi	intindi	V;NFIN
intindi	naintindihan	V;PFV;PFOC
intindi	naiintindihan	V;IPFV;PFOC
intindi	maiintindihan	V;PFOC;LGSPEC1
gamit	gamit	V;NFIN
gamit	gumamit	V;PFV;AGFOC
gamit	gumagamit	V;IPFV;AGFOC
gamit	gagamit	V;AGFOC;LGSPEC1
gamit	ginamit	V;PFV;PFOC
gamit	ginagamit	V;IPFV;PFOC
gamit	gagamitin	V;PFOC;LGSPEC1
wala'	wala'	V;NFIN
wala'	nawala'	V;PFV;AGFOC
wala'	nawawala'	V;IPFV;AGFOC
wala'	mawawala'	V;AGFOC;LGSPEC1
wala'	winala'	V;PFV;PFOC
wala'	winawala'	V;IPFV;PFOC
wala'	wawalain	V;PFOC;LGSPEC1
suway	suway	V;NFIN
suway	sumuway	V;PFV;AGFOC
suway	sumusuway	V;IPFV;AGFOC
suway	susuway	V;AGFOC;LGSPEC1
suway	sinuway	V;PFV;PFOC
suway	sinusuway	V;IPFV;PFOC
suway	susuwayin	V;PFOC;LGSPEC1
labag	labag	V;NFIN
labag	lumabag	V;PFV;AGFOC
labag	lumalabag	V;IPFV;AGFOC
labag	lalabag	V;AGFOC;LGSPEC1
labag	nilabag	V;PFV;PFOC
labag	nilalabag	V;IPFV;PFOC
labag	lalabagin	V;PFOC;LGSPEC1
dalaw	dalaw	V;NFIN
dalaw	dumalaw	V;PFV;AGFOC
dalaw	dumadalaw	V;IPFV;AGFOC
dalaw	dadalaw	V;AGFOC;LGSPEC1
dalaw	dinalaw	V;PFV;PFOC
dalaw	dinadalaw	V;IPFV;PFOC
dalaw	dadalawin	V;PFOC;LGSPEC1
bisita	bisita	V;NFIN
bisita	bumisita	V;PFV;AGFOC
bisita	bumibista	V;IPFV;AGFOC
bisita	bibisita	V;AGFOC;LGSPEC1
bisita	binisita	V;PFV;PFOC
bisita	binibisita	V;IPFV;PFOC
bisita	bibisitahin	V;PFOC;LGSPEC1
boto	boto	V;NFIN
boto	bumoto	V;PFV;AGFOC
boto	bumoboto	V;IPFV;AGFOC
boto	boboto	V;AGFOC;LGSPEC1
boto	ibinoto	V;PFV;PFOC
boto	ibinoboto	V;IPFV;PFOC
boto	iboboto	V;PFOC;LGSPEC1
hintay	hintay	V;NFIN
hintay	naghintay	V;PFV;AGFOC
hintay	naghihintay	V;IPFV;AGFOC
hintay	maghihintay	V;AGFOC;LGSPEC1
hintay	hinintay	V;PFV;PFOC
hintay	hinihintay	V;IPFV;PFOC
hintay	hihintayin	V;PFOC;LGSPEC1
lakad	lakad	V;NFIN
lakad	naglakad	V;PFV;AGFOC
lakad	naglalakad	V;IPFV;AGFOC
lakad	maglalakad	V;AGFOC;LGSPEC1
lakad	nilakad	V;PFV;PFOC
lakad	nilalakad	V;IPFV;PFOC
lakad	lalakarin	V;PFOC;LGSPEC1
gusto	gusto	V;NFIN
gusto	ginusto	V;PFV;PFOC
gusto	ginugusto	V;IPFV;PFOC
gusto	gugustuhin	V;PFOC;LGSPEC1
babala'	babala'	V;NFIN
babala'	nagbabala'	V;PFV;AGFOC
babala'	nagbababala'	V;IPFV;AGFOC
babala'	magbababala'	V;AGFOC;LGSPEC1
babala'	binalaan	V;PFV;PFOC
babala'	binabalaan	V;IPFV;PFOC
babala'	babalaan	V;PFOC;LGSPEC1
hugas	hugas	V;NFIN
hugas	naghugas	V;PFV;AGFOC
hugas	naghuhugas	V;IPFV;AGFOC
hugas	maghuhugas	V;AGFOC;LGSPEC1
hugas	hinugasan	V;PFV;PFOC
hugas	hinuhugasan	V;IPFV;PFOC
hugas	huhugasan	V;PFOC;LGSPEC1
nood	nood	V;NFIN
nood	nanood	V;PFV;AGFOC
nood	nanonood	V;IPFV;AGFOC
nood	manonood	V;AGFOC;LGSPEC1
nood	pinanood	V;PFV;PFOC
nood	pinapanood	V;IPFV;PFOC
nood	papanoorin	V;PFOC;LGSPEC1
nood	nood	V;NFIN
nood	pinanood	V;PFV;PFOC
nood	pinapanood	V;IPFV;PFOC
nood	papanoorin	V;PFOC;LGSPEC1
bantay	bantay	V;NFIN
bantay	nagbantay	V;PFV;AGFOC
bantay	nagbabantay	V;IPFV;AGFOC
bantay	magbabantay	V;AGFOC;LGSPEC1
bantay	binantayan	V;PFV;PFOC
bantay	binabantayan	V;IPFV;PFOC
bantay	babantayan	V;PFOC;LGSPEC1
dilig	dilig	V;NFIN
dilig	nagdidilig	V;PFV;AGFOC
dilig	nagdidilig	V;IPFV;AGFOC
dilig	magdidilig	V;AGFOC;LGSPEC1
dilig	diniligan	V;PFV;PFOC
dilig	dinidiligan	V;IPFV;PFOC
dilig	didiligan	V;PFOC;LGSPEC1
kasal	kasal	V;NFIN
kasal	nagpakasal	V;PFV;AGFOC
kasal	nagpapakasal	V;IPFV;AGFOC
kasal	magpapakasal	V;AGFOC;LGSPEC1
kasal	pinakasalan	V;PFV;PFOC
kasal	pinapakasalan	V;IPFV;PFOC
kasal	papakasalan	V;PFOC;LGSPEC1
bulong	bulong	V;NFIN
bulong	bumulong	V;PFV;AGFOC
bulong	bumubulong	V;IPFV;AGFOC
bulong	bubulong	V;AGFOC;LGSPEC1
bulong	ibinulong	V;PFV;PFOC
bulong	ibinubulong	V;IPFV;PFOC
bulong	ibubulong	V;PFOC;LGSPEC1
sipol	sipol	V;NFIN
sipol	sumipol	V;PFV;AGFOC
sipol	sumisipol	V;IPFV;AGFOC
sipol	sisipol	V;AGFOC;LGSPEC1
sipol	sinipulan	V;PFV;PFOC
sipol	sinisipulan	V;IPFV;PFOC
sipol	sisipulan	V;PFOC;LGSPEC1
huni	huni	V;NFIN
huni	humuni	V;PFV;AGFOC
huni	humuhuni	V;IPFV;AGFOC
huni	huhuni	V;AGFOC;LGSPEC1
huni	hinunihan	V;PFV;PFOC
huni	hinuhunihan	V;IPFV;PFOC
huni	huhunihan	V;PFOC;LGSPEC1
wagi'	wagi'	V;NFIN
wagi'	nagwagi'	V;PFV;AGFOC
wagi'	nagwawagi'	V;IPFV;AGFOC
wagi'	magwawagi'	V;AGFOC;LGSPEC1
wagi'	ipinagwagi'	V;PFV;PFOC
wagi'	ipinapagwagi'	V;IPFV;PFOC
wagi'	ipapagwagi'	V;PFOC;LGSPEC1
panalo	panalo	V;NFIN
panalo	nanalo	V;PFV;AGFOC
panalo	nananalo	V;IPFV;AGFOC
panalo	mananalo	V;AGFOC;LGSPEC1
panalo	napanalunan	V;PFV;PFOC
panalo	napapanalunan	V;IPFV;PFOC
panalo	papanalunan	V;PFOC;LGSPEC1
punas	punas	V;NFIN
punas	nagpunas	V;PFV;AGFOC
punas	nagpupunas	V;IPFV;AGFOC
punas	magpupunas	V;AGFOC;LGSPEC1
punas	pinunasan	V;PFV;PFOC
punas	pinupunasan	V;IPFV;PFOC
punas	pupunasan	V;PFOC;LGSPEC1
kuha	kuha	V;NFIN
kuha	kumuha	V;PFV;AGFOC
kuha	kumukuha	V;IPFV;AGFOC
kuha	kukuha	V;AGFOC;LGSPEC1
kuha	kinuha	V;PFV;PFOC
kuha	kinukuha	V;IPFV;PFOC
kuha	kukuha	V;PFOC;LGSPEC1
alis	alis	V;NFIN
alis	umalis	V;PFV;AGFOC
alis	umaalis	V;IPFV;AGFOC
alis	aalis	V;AGFOC;LGSPEC1
taka	taka	V;NFIN
taka	nagtaka	V;PFV;AGFOC
taka	nagtataka	V;IPFV;AGFOC
taka	magtataka	V;AGFOC;LGSPEC1
taka	ipinagtaka	V;PFV;PFOC
taka	ipinagtataka	V;IPFV;PFOC
taka	ipagtataka	V;PFOC;LGSPEC1
mangha'	mangha'	V;NFIN
mangha'	namangha'	V;PFV;AGFOC
mangha'	namamangha'	V;IPFV;AGFOC
mangha'	mamamangha'	V;AGFOC;LGSPEC1
mangha'	namanghaan	V;PFV;PFOC
mangha'	namamanghaan	V;IPFV;PFOC
mangha'	mamamanghaan	V;PFOC;LGSPEC1
trabaho	trabaho	V;NFIN
trabaho	nagtrabaho	V;PFV;AGFOC
trabaho	nagtatrabaho	V;IPFV;AGFOC
trabaho	magtatrabaho	V;AGFOC;LGSPEC1
trabaho	tinrabaho	V;PFV;PFOC
trabaho	tinatrabaho	V;IPFV;PFOC
trabaho	tatrabahuin	V;PFOC;LGSPEC1
alala	alala	V;NFIN
alala	nag-alala	V;PFV;AGFOC
alala	nag-aalala	V;IPFV;AGFOC
alala	mag-aalala	V;AGFOC;LGSPEC1
alala	inalala	V;PFV;PFOC
alala	inaalala	V;IPFV;PFOC
alala	aalahanin	V;PFOC;LGSPEC1
samba	samba	V;NFIN
samba	nagsamba	V;PFV;AGFOC
samba	nagsasamba	V;IPFV;AGFOC
samba	magsasamba	V;AGFOC;LGSPEC1
samba	sinamba	V;PFV;PFOC
samba	sinasamba	V;IPFV;PFOC
samba	sasambahin	V;PFOC;LGSPEC1
balot	balot	V;NFIN
balot	nagbalot	V;PFV;AGFOC
balot	nagbabalot	V;IPFV;AGFOC
balot	magbabalot	V;AGFOC;LGSPEC1
balot	binalot	V;PFV;PFOC
balot	binabalot	V;IPFV;PFOC
balot	babalutin	V;PFOC;LGSPEC1
sulat	sulat	V;NFIN
sulat	nagsulat	V;PFV;AGFOC
sulat	nagsusulat	V;IPFV;AGFOC
sulat	magsusulat	V;AGFOC;LGSPEC1
sulat	sinulat	V;PFV;PFOC
sulat	sinusulat	V;IPFV;PFOC
sulat	isusulat	V;PFOC;LGSPEC1
sulat	sulat	V;NFIN
sulat	sumulat	V;PFV;AGFOC
sulat	sumusulat	V;IPFV;AGFOC
sulat	susulat	V;AGFOC;LGSPEC1
sulat	sinulatan	V;PFV;PFOC
sulat	sinusulatan	V;IPFV;PFOC
sulat	susulatan	V;PFOC;LGSPEC1
hikab	hikab	V;NFIN
hikab	naghikab	V;PFV;AGFOC
hikab	naghihikab	V;IPFV;AGFOC
hikab	maghihikab	V;AGFOC;LGSPEC1
hikab	hinikaban	V;PFV;PFOC
hikab	hinihikaban	V;IPFV;PFOC
hikab	hihikaban	V;PFOC;LGSPEC1
oo	oo	V;NFIN
oo	umoo	V;PFV;AGFOC
oo	umooo	V;IPFV;AGFOC
oo	ooo	V;AGFOC;LGSPEC1
oo	inoohan	V;PFV;PFOC
oo	inooohan	V;IPFV;PFOC
oo	ooohan	V;PFOC;LGSPEC1
